STAY with Justin Bieber,STAY with Justin Bieber,Shine On,No Signal,In the Morning,SAD!,LOOP feat. Lil Cherry,7 rings,One Dance,VICIOUS CYCLE,Mr. Brightside,lzma,ambience,
Riptide,Riptide,Shine On,VICIOUS CYCLE,STAY with Justin Bieber,No Signal,In the Morning,Jocelyn Flores,One Dance,Stay With Me,Someone You Loved,lzma,ambience,
Thinking out Loud,Thinking out Loud,Shine On,Centipede,No Signal,Cruel Summer,VICIOUS CYCLE,Lean On feat. MØ & DJ Snake,Jocelyn Flores,Every Breath You Take,Ether,lzma,ambience,
Jocelyn Flores,Jocelyn Flores,Shine On,No Signal,Lean On feat. MØ & DJ Snake,LOOP feat. Lil Cherry,SAD!,Every Breath You Take,Lele,One Dance,Let Me Love You,lzma,ambience,
When I Was Your Man,When I Was Your Man,No Signal,VICIOUS CYCLE,Shine On,Watermelon Sugar,SAD!,Stay With Me,Jocelyn Flores,Centipede,One Kiss with Dua Lipa,lzma,ambience,
God's Plan,God's Plan,Shine On,No Signal,VICIOUS CYCLE,STAY with Justin Bieber,LOOP feat. Lil Cherry,Lean On feat. MØ & DJ Snake,Every Breath You Take,7 rings,I Wanna Be Yours,lzma,ambience,
Can't Hold Us feat,Can't Hold Us feat. Ray Dalton,No Signal,Coconut Water,VICIOUS CYCLE,Don't Start Now,Thunder,Centipede,Señorita,Lucid Dreams,goosebumps,lzma,ambience,
Bohemian Rhapsody - Remastered 2011,Bohemian Rhapsody - Remastered 2011,No Signal,Shine On,Jocelyn Flores,In the Morning,Let Me Love You,One Dance,VICIOUS CYCLE,STAY with Justin Bieber,Lean On feat. MØ & DJ Snake,lzma,ambience,
There's Nothing Holdin' Me Back,There's Nothing Holdin' Me Back,No Signal,Shine On,Jocelyn Flores,Centipede,One Dance,Don't Start Now,Lean On feat. MØ & DJ Snake,Sunflower - Spider-Man: Into the Spider-Verse,Ether,lzma,ambience,
Take Me To Church,Take Me To Church,Centipede,No Signal,Shine On,Lean On feat. MØ & DJ Snake,Ether,STAY with Justin Bieber,Señorita,VICIOUS CYCLE,Walk On Water,lzma,ambience,
7 rings,7 rings,Shine On,Lele,STAY with Justin Bieber,VICIOUS CYCLE,One Dance,Ether,In the Morning,The Night We Met,Every Breath You Take,lzma,ambience,
My Goodbye,My Goodbye,Shine On,Ether,Lucid Dreams,Lele,As It Was,7 rings,STAY with Justin Bieber,Stay With Me,Something Just Like This,lzma,ambience,
LOOP feat,LOOP feat. Lil Cherry,Shine On,No Signal,HUMBLE.,Every Breath You Take,Jocelyn Flores,Ether,Thunder,VICIOUS CYCLE,SAD!,lzma,ambience,
Don't Start Now,Don't Start Now,Shine On,Jocelyn Flores,VICIOUS CYCLE,No Signal,Centipede,Lean On feat. MØ & DJ Snake,Sunflower - Spider-Man: Into the Spider-Verse,There's Nothing Holdin' Me Back,As It Was,lzma,ambience,
No Role Modelz,No Role Modelz,Shine On,Every Breath You Take,STAY with Justin Bieber,In the Morning,VICIOUS CYCLE,Jocelyn Flores,LOOP feat. Lil Cherry,One Dance,Ether,lzma,ambience,
All of Me,All of Me,In the Morning,Shine On,STAY with Justin Bieber,No Signal,Cuidado,Someone You Loved,One Dance,VICIOUS CYCLE,7 rings,lzma,ambience,
Ether,Ether,No Signal,Thunder,Shine On,Señorita,Lean On feat. MØ & DJ Snake,One Kiss with Dua Lipa,STAY with Justin Bieber,Cruel Summer,goosebumps,lzma,ambience,
Closer,Closer,No Signal,Shine On,In the Morning,STAY with Justin Bieber,Every Breath You Take,Lele,VICIOUS CYCLE,One Dance,Jocelyn Flores,lzma,ambience,
Too Good At Goodbyes,Too Good At Goodbyes,No Signal,Shine On,VICIOUS CYCLE,Jocelyn Flores,Lean On feat. MØ & DJ Snake,rockstar,The Hills,Watermelon Sugar,Señorita,lzma,ambience,
bad guy,bad guy,Jocelyn Flores,Shine On,LOOP feat. Lil Cherry,No Signal,One Dance,Every Breath You Take,7 rings,In the Morning,Stay With Me,lzma,ambience,
That's What I Like,That's What I Like,No Signal,Shine On,VICIOUS CYCLE,One Dance,STAY with Justin Bieber,HUMBLE.,Lean On feat. MØ & DJ Snake,In the Morning,7 rings,lzma,ambience,
Viva La Vida,Viva La Vida,Shine On,In the Morning,One Dance,No Signal,Every Breath You Take,STAY with Justin Bieber,Ether,Choke,Let Me Love You,lzma,ambience,
Heat Waves,Heat Waves,Shine On,In the Morning,Jocelyn Flores,Ether,One Dance,7 rings,No Signal,HUMBLE.,Stay With Me,lzma,ambience,
Photograph,Photograph,No Signal,Ether,Shine On,VICIOUS CYCLE,Walk On Water,Centipede,SAD!,Lean On feat. MØ & DJ Snake,Starboy,lzma,ambience,
Starboy,Starboy,No Signal,Lean On feat. MØ & DJ Snake,VICIOUS CYCLE,Shine On,Centipede,Sparkling Moments,One Kiss with Dua Lipa,Jocelyn Flores,Stay With Me,lzma,ambience,
Walk On Water,Walk On Water,No Signal,VICIOUS CYCLE,Stay With Me,Thunder,Shine On,Señorita,New Rules,SAD!,Lean On feat. MØ & DJ Snake,lzma,ambience,
XO Tour Llif3,XO Tour Llif3,Shine On,No Signal,LOOP feat. Lil Cherry,Stay With Me,Jocelyn Flores,STAY with Justin Bieber,That's What I Like,goosebumps,Ether,lzma,ambience,
Yellow,Yellow,Shine On,Jocelyn Flores,No Signal,Ether,Lele,7 rings,STAY with Justin Bieber,Every Breath You Take,VICIOUS CYCLE,lzma,ambience,
The Hills,The Hills,No Signal,Shine On,Jocelyn Flores,Lean On feat. MØ & DJ Snake,Sorry,I Wanna Be Yours,SAD!,Let Me Love You,VICIOUS CYCLE,lzma,ambience,
Shine On,Shine On,No Signal,LOOP feat. Lil Cherry,VICIOUS CYCLE,Every Breath You Take,I Wanna Be Yours,7 rings,STAY with Justin Bieber,SAD!,Lele,lzma,ambience,
Counting Stars,Counting Stars,Shine On,Ether,VICIOUS CYCLE,No Signal,As It Was,7 rings,Lucid Dreams,One Dance,STAY with Justin Bieber,lzma,ambience,
Treat You Better,Treat You Better,Shine On,No Signal,Jocelyn Flores,Lean On feat. MØ & DJ Snake,STAY with Justin Bieber,One Dance,HUMBLE.,LOOP feat. Lil Cherry,Every Breath You Take,lzma,ambience,
Say You Won't Let Go,Say You Won't Let Go,No Signal,Shine On,Jocelyn Flores,Lean On feat. MØ & DJ Snake,SAD!,Sparkling Moments,VICIOUS CYCLE,The Hills,Let Me Love You,lzma,ambience,
INDUSTRY BABY feat,INDUSTRY BABY feat. Jack Harlow,No Signal,Shine On,One Dance,Lele,In the Morning,VICIOUS CYCLE,Lean On feat. MØ & DJ Snake,HUMBLE.,STAY with Justin Bieber,lzma,ambience,
No Signal,No Signal,VICIOUS CYCLE,Lean On feat. MØ & DJ Snake,Shine On,SAD!,Let Me Love You,The Hills,I Wanna Be Yours,One Dance,Thunder,lzma,ambience,
Demons,Demons,No Signal,Shine On,Let Me Love You,SAD!,VICIOUS CYCLE,STAY with Justin Bieber,Jocelyn Flores,Every Breath You Take,Lele,lzma,ambience,
Someone You Loved,Someone You Loved,Shine On,No Signal,STAY with Justin Bieber,Every Breath You Take,In the Morning,One Dance,VICIOUS CYCLE,Lele,Let Me Love You,lzma,ambience,
Lucid Dreams,Lucid Dreams,Shine On,In the Morning,No Signal,Don't Start Now,Lean On feat. MØ & DJ Snake,Jocelyn Flores,7 rings,Sunflower - Spider-Man: Into the Spider-Verse,STAY with Justin Bieber,lzma,ambience,
Smells Like Teen Spirit,Smells Like Teen Spirit,Shine On,No Signal,Lean On feat. MØ & DJ Snake,Every Breath You Take,LOOP feat. Lil Cherry,STAY with Justin Bieber,Stay With Me,Ether,Jocelyn Flores,lzma,ambience,
Choke,Choke,No Signal,Shine On,HUMBLE.,STAY with Justin Bieber,SAD!,Lele,LOOP feat. Lil Cherry,VICIOUS CYCLE,Thunder,lzma,ambience,
New Rules,New Rules,No Signal,Thunder,VICIOUS CYCLE,HUMBLE.,Señorita,Sparkling Moments,Lean On feat. MØ & DJ Snake,Jocelyn Flores,Walk On Water,lzma,ambience,
Die For You,Die For You,Shine On,Ether,No Signal,7 rings,STAY with Justin Bieber,Jocelyn Flores,Lele,As It Was,VICIOUS CYCLE,lzma,ambience,
Centipede,Centipede,Shine On,Walk On Water,No Signal,Ether,Wake Me Up - Radio Edit,Thunder,Take Me To Church,goosebumps,VICIOUS CYCLE,lzma,ambience,
Sweater Weather,Sweater Weather,No Signal,Shine On,STAY with Justin Bieber,SAD!,Lean On feat. MØ & DJ Snake,VICIOUS CYCLE,Let Me Love You,Thunder,Don't Start Now,lzma,ambience,
Circles,Circles,No Signal,VICIOUS CYCLE,Thunder,Señorita,Shine On,Lean On feat. MØ & DJ Snake,Centipede,Stay With Me,Walk On Water,lzma,ambience,
Sorry,Sorry,No Signal,Shine On,One Dance,Lean On feat. MØ & DJ Snake,STAY with Justin Bieber,Cuidado,HUMBLE.,Let Me Love You,VICIOUS CYCLE,lzma,ambience,
VICIOUS CYCLE,VICIOUS CYCLE,No Signal,HUMBLE.,Thunder,Shine On,One Dance,Lean On feat. MØ & DJ Snake,STAY with Justin Bieber,Sparkling Moments,LOOP feat. Lil Cherry,lzma,ambience,
Lele,Lele,In the Morning,Shine On,No Signal,One Dance,STAY with Justin Bieber,7 rings,Someone You Loved,Jocelyn Flores,Every Breath You Take,lzma,ambience,
Sparkling Moments,Sparkling Moments,No Signal,Shine On,Jocelyn Flores,VICIOUS CYCLE,Señorita,Thunder,HUMBLE.,Walk On Water,Flowers,lzma,ambience,
Let Me Love You,Let Me Love You,No Signal,Shine On,VICIOUS CYCLE,Jocelyn Flores,STAY with Justin Bieber,Lean On feat. MØ & DJ Snake,Lele,Every Breath You Take,Starboy,lzma,ambience,
Wake Me Up - Radio Edit,Wake Me Up - Radio Edit,Shine On,Sunflower - Spider-Man: Into the Spider-Verse,Centipede,As It Was,Don't Start Now,Lean On feat. MØ & DJ Snake,Jocelyn Flores,The Night We Met,Something Just Like This,lzma,ambience,
The Night We Met,The Night We Met,Shine On,Sunflower - Spider-Man: Into the Spider-Verse,Jocelyn Flores,Something Just Like This,Every Breath You Take,Lucid Dreams,7 rings,Walk On Water,Shallow,lzma,ambience,
Cruel Summer,Cruel Summer,Shine On,HUMBLE.,Centipede,Ether,Every Breath You Take,Walk On Water,Wake Me Up - Radio Edit,As It Was,Stay With Me,lzma,ambience,
Stressed Out,Stressed Out,No Signal,Shine On,VICIOUS CYCLE,One Kiss with Dua Lipa,HUMBLE.,Centipede,Coconut Water,Thunder,Walk On Water,lzma,ambience,
Man On the Moon,Man On the Moon,No Signal,Shine On,VICIOUS CYCLE,SAD!,Lean On feat. MØ & DJ Snake,Thunder,HUMBLE.,Ether,Let Me Love You,lzma,ambience,
Another Love,Another Love,Centipede,Thunder,Señorita,Don't Start Now,Shine On,Walk On Water,VICIOUS CYCLE,Ether,goosebumps,lzma,ambience,
Stay With Me,Stay With Me,No Signal,VICIOUS CYCLE,HUMBLE.,SAD!,Shine On,Lean On feat. MØ & DJ Snake,rockstar,Centipede,Sparkling Moments,lzma,ambience,
I Wanna Be Yours,I Wanna Be Yours,No Signal,Shine On,Lean On feat. MØ & DJ Snake,Let Me Love You,Sorry,Jocelyn Flores,SAD!,VICIOUS CYCLE,The Hills,lzma,ambience,
HUMBLE,HUMBLE.,No Signal,Jocelyn Flores,One Dance,VICIOUS CYCLE,Lean On feat. MØ & DJ Snake,Shine On,STAY with Justin Bieber,Thunder,LOOP feat. Lil Cherry,lzma,ambience,
Do I Wanna Know,Do I Wanna Know?,No Signal,Shine On,Lean On feat. MØ & DJ Snake,VICIOUS CYCLE,Let Me Love You,Thunder,Watermelon Sugar,Centipede,STAY with Justin Bieber,lzma,ambience,
Sunflower - Spider-Man Into the Spider-Verse,Sunflower - Spider-Man: Into the Spider-Verse,Centipede,VICIOUS CYCLE,Shine On,7 rings,Don't Start Now,Jocelyn Flores,Lucid Dreams,Wake Me Up - Radio Edit,Shallow,lzma,ambience,
SICKO MODE,SICKO MODE,Shine On,VICIOUS CYCLE,7 rings,Ether,Lele,One Dance,STAY with Justin Bieber,Walk On Water,As It Was,lzma,ambience,
One Kiss with Dua Lipa,One Kiss with Dua Lipa,No Signal,Shine On,Thunder,Sunflower - Spider-Man: Into the Spider-Verse,HUMBLE.,VICIOUS CYCLE,Sparkling Moments,Jocelyn Flores,Centipede,lzma,ambience,
Unforgettable,Unforgettable,No Signal,Shine On,STAY with Justin Bieber,Lele,Lean On feat. MØ & DJ Snake,Jocelyn Flores,7 rings,In the Morning,Let Me Love You,lzma,ambience,
Let Her Go,Let Her Go,No Signal,Shine On,Centipede,Jocelyn Flores,Sunflower - Spider-Man: Into the Spider-Verse,SAD!,Walk On Water,7 rings,Stay With Me,lzma,ambience,
SAD!,SAD!,No Signal,Shine On,VICIOUS CYCLE,Lean On feat. MØ & DJ Snake,Let Me Love You,Ether,LOOP feat. Lil Cherry,Choke,STAY with Justin Bieber,lzma,ambience,
Happier,Happier,Shine On,No Signal,VICIOUS CYCLE,Lean On feat. MØ & DJ Snake,Jocelyn Flores,I Wanna Be Yours,Thunder,STAY with Justin Bieber,Sparkling Moments,lzma,ambience,
Every Breath You Take,Every Breath You Take,Shine On,SAD!,No Signal,Stay With Me,Ether,HUMBLE.,Choke,LOOP feat. Lil Cherry,One Dance,lzma,ambience,
Señorita,Señorita,No Signal,VICIOUS CYCLE,Shine On,Stay With Me,Sparkling Moments,Thunder,Circles,HUMBLE.,Jocelyn Flores,lzma,ambience,
Havana feat,Havana feat. Young Thug,Shine On,VICIOUS CYCLE,SAD!,No Signal,Señorita,Ether,Lean On feat. MØ & DJ Snake,Flowers,Cuidado,lzma,ambience,
Love Yourself,Love Yourself,Jocelyn Flores,Shine On,Lucid Dreams,Every Breath You Take,7 rings,STAY with Justin Bieber,INDUSTRY BABY feat. Jack Harlow,Take Me To Church,LOOP feat. Lil Cherry,lzma,ambience,
Shape of You,Shape of You,Shine On,Lucid Dreams,Ether,7 rings,The Night We Met,Believer,One Dance,STAY with Justin Bieber,In the Morning,lzma,ambience,
Coconut Water,Coconut Water,No Signal,Centipede,Shine On,VICIOUS CYCLE,Let Me Love You,Walk On Water,Sunflower - Spider-Man: Into the Spider-Verse,Flowers,One Kiss with Dua Lipa,lzma,ambience,
Lean On feat,Lean On feat. MØ & DJ Snake,No Signal,Shine On,Jocelyn Flores,VICIOUS CYCLE,HUMBLE.,One Dance,Centipede,Thunder,Lucid Dreams,lzma,ambience,
Thunder,Thunder,No Signal,VICIOUS CYCLE,Shine On,SAD!,HUMBLE.,Centipede,Jocelyn Flores,Lean On feat. MØ & DJ Snake,Señorita,lzma,ambience,
Shallow,Shallow,Jocelyn Flores,Shine On,Sunflower - Spider-Man: Into the Spider-Verse,VICIOUS CYCLE,Take Me To Church,Every Breath You Take,Lean On feat. MØ & DJ Snake,Watermelon Sugar,Centipede,lzma,ambience,
In the Morning,In the Morning,Shine On,One Dance,Lele,No Signal,Someone You Loved,Jocelyn Flores,STAY with Justin Bieber,Every Breath You Take,7 rings,lzma,ambience,
One Dance,One Dance,Shine On,In the Morning,Someone You Loved,7 rings,STAY with Justin Bieber,Lele,No Signal,LOOP feat. Lil Cherry,Jocelyn Flores,lzma,ambience,
Flowers,Flowers,Shine On,No Signal,VICIOUS CYCLE,HUMBLE.,Jocelyn Flores,Walk On Water,LOOP feat. Lil Cherry,Lean On feat. MØ & DJ Snake,Every Breath You Take,lzma,ambience,
In the End,In the End,No Signal,Shine On,Jocelyn Flores,VICIOUS CYCLE,One Dance,rockstar,Lean On feat. MØ & DJ Snake,Lucid Dreams,Let Me Love You,lzma,ambience,
Mr,Mr. Brightside,No Signal,Shine On,STAY with Justin Bieber,Choke,One Dance,In the Morning,Ether,Stay With Me,There's Nothing Holdin' Me Back,lzma,ambience,
lovely with Khalid,lovely with Khalid,Shine On,VICIOUS CYCLE,Centipede,SAD!,Don't Start Now,No Signal,Flowers,Lean On feat. MØ & DJ Snake,7 rings,lzma,ambience,
Without Me,Without Me,No Signal,Shine On,HUMBLE.,VICIOUS CYCLE,Jocelyn Flores,LOOP feat. Lil Cherry,Lean On feat. MØ & DJ Snake,One Dance,Walk On Water,lzma,ambience,
rockstar,rockstar,VICIOUS CYCLE,Shine On,No Signal,7 rings,Jocelyn Flores,Flowers,Centipede,Let Me Love You,Coconut Water,lzma,ambience,
Just the Way You Are,Just the Way You Are,No Signal,VICIOUS CYCLE,Shine On,STAY with Justin Bieber,rockstar,Let Me Love You,Lean On feat. MØ & DJ Snake,Stay With Me,Walk On Water,lzma,ambience,
Something Just Like This,Something Just Like This,VICIOUS CYCLE,No Signal,Shine On,SAD!,Jocelyn Flores,The Night We Met,Starboy,STAY with Justin Bieber,Walk On Water,lzma,ambience,
As It Was,As It Was,Shine On,Centipede,Don't Start Now,STAY with Justin Bieber,VICIOUS CYCLE,Cruel Summer,Take Me To Church,Something Just Like This,Lucid Dreams,lzma,ambience,
goosebumps,goosebumps,No Signal,Shine On,VICIOUS CYCLE,Walk On Water,Don't Start Now,Flowers,Lean On feat. MØ & DJ Snake,Sunflower - Spider-Man: Into the Spider-Verse,Lucid Dreams,lzma,ambience,
Watermelon Sugar,Watermelon Sugar,No Signal,Stay With Me,VICIOUS CYCLE,Shine On,Thunder,Señorita,Jocelyn Flores,HUMBLE.,Lean On feat. MØ & DJ Snake,lzma,ambience,
Cuidado,Cuidado,No Signal,Shine On,One Dance,VICIOUS CYCLE,LOOP feat. Lil Cherry,Jocelyn Flores,STAY with Justin Bieber,Sparkling Moments,Lean On feat. MØ & DJ Snake,lzma,ambience,
Believer,Believer,No Signal,Shine On,Jocelyn Flores,One Dance,Lean On feat. MØ & DJ Snake,STAY with Justin Bieber,LOOP feat. Lil Cherry,SAD!,The Hills,lzma,ambience,
Without Me with Juice WRLD,Without Me with Juice WRLD,No Signal,Shine On,Lele,STAY with Justin Bieber,VICIOUS CYCLE,One Dance,7 rings,Ether,Lean On feat. MØ & DJ Snake,lzma,ambience,
Lose Yourself,Lose Yourself,No Signal,VICIOUS CYCLE,Shine On,LOOP feat. Lil Cherry,Flowers,Thunder,One Dance,Jocelyn Flores,Stay With Me,lzma,ambience,
