The Night We Met,The Night We Met,Lucid Dreams,Something Just Like This,No Signal,Jocelyn Flores,Shine On,7 rings,Lean On feat. MØ & DJ Snake,VICIOUS CYCLE,Don't Start Now,lzma,raw,30,65
Die For You,Die For You,Shine On,7 rings,Ether,STAY with Justin Bieber,One Dance,Lele,As It Was,LOOP feat. Lil Cherry,VICIOUS CYCLE,lzma,raw,30,65
Don't Start Now,Don't Start Now,Shine On,No Signal,As It Was,Centipede,Thunder,Jocelyn Flores,LOOP feat. Lil Cherry,Walk On Water,Sparkling Moments,lzma,raw,30,65
Say You Won't Let Go,Say You Won't Let Go,No Signal,Shine On,Jocelyn Flores,Sorry,In the Morning,Sparkling Moments,SAD!,STAY with Justin Bieber,Let Me Love You,lzma,raw,30,65
bad guy,bad guy,Shine On,No Signal,Jocelyn Flores,VICIOUS CYCLE,LOOP feat. Lil Cherry,Ether,Thunder,Lean On feat. MØ & DJ Snake,Stay With Me,lzma,raw,30,65
Ether,Ether,Shine On,No Signal,In the Morning,Centipede,LOOP feat. Lil Cherry,Every Breath You Take,STAY with Justin Bieber,There's Nothing Holdin' Me Back,Cruel Summer,lzma,raw,30,65
Cruel Summer,Cruel Summer,Walk On Water,VICIOUS CYCLE,Ether,Shine On,Centipede,New Rules,goosebumps,Stay With Me,Señorita,lzma,raw,30,65
Can't Hold Us feat,Can't Hold Us feat. Ray Dalton,VICIOUS CYCLE,No Signal,Sparkling Moments,Shine On,Thunder,Stay With Me,LOOP feat. Lil Cherry,Sunflower - Spider-Man: Into the Spider-Verse,Jocelyn Flores,lzma,raw,30,65
Havana feat,Havana feat. Young Thug,Shine On,No Signal,Jocelyn Flores,VICIOUS CYCLE,rockstar,STAY with Justin Bieber,One Dance,In the Morning,Let Me Love You,lzma,raw,30,65
Mr,Mr. Brightside,Shine On,STAY with Justin Bieber,In the Morning,No Signal,Ether,Choke,Stay With Me,7 rings,Every Breath You Take,lzma,raw,30,65
Heat Waves,Heat Waves,No Signal,Shine On,Lucid Dreams,VICIOUS CYCLE,Jocelyn Flores,One Dance,Lele,SAD!,Lean On feat. MØ & DJ Snake,lzma,raw,30,65
LOOP feat,LOOP feat. Lil Cherry,Shine On,Jocelyn Flores,No Signal,Every Breath You Take,VICIOUS CYCLE,7 rings,Thunder,SAD!,Let Me Love You,lzma,raw,30,65
Sparkling Moments,Sparkling Moments,No Signal,VICIOUS CYCLE,Jocelyn Flores,Shine On,HUMBLE.,Every Breath You Take,Centipede,LOOP feat. Lil Cherry,Lean On feat. MØ & DJ Snake,lzma,raw,30,65
HUMBLE,HUMBLE.,No Signal,VICIOUS CYCLE,Thunder,Jocelyn Flores,Shine On,Lean On feat. MØ & DJ Snake,One Dance,LOOP feat. Lil Cherry,rockstar,lzma,raw,30,65
Viva La Vida,Viva La Vida,No Signal,Shine On,STAY with Justin Bieber,One Dance,In the Morning,Lean On feat. MØ & DJ Snake,Every Breath You Take,Stay With Me,Jocelyn Flores,lzma,raw,30,65
Let Me Love You,Let Me Love You,No Signal,Shine On,STAY with Justin Bieber,7 rings,Jocelyn Flores,In the Morning,Lean On feat. MØ & DJ Snake,Stay With Me,VICIOUS CYCLE,lzma,raw,30,65
Riptide,Riptide,Shine On,No Signal,LOOP feat. Lil Cherry,One Dance,One Kiss with Dua Lipa,STAY with Justin Bieber,Every Breath You Take,Ether,SAD!,lzma,raw,30,65
Starboy,Starboy,No Signal,VICIOUS CYCLE,Shine On,Sparkling Moments,Walk On Water,Sunflower - Spider-Man: Into the Spider-Verse,Ether,Jocelyn Flores,Stay With Me,lzma,raw,30,65
That's What I Like,That's What I Like,No Signal,Shine On,STAY with Justin Bieber,VICIOUS CYCLE,INDUSTRY BABY feat. Jack Harlow,LOOP feat. Lil Cherry,7 rings,One Dance,Jocelyn Flores,lzma,raw,30,65
content,Do I Wanna Know?,In the Morning,Take Me To Church,Man On the Moon,Shallow,Too Good At Goodbyes,The Hills,Say You Won't Let Go,Let Me Love You,When I Was Your Man,lzma,raw,30,65
Love Yourself,Love Yourself,Shine On,In the Morning,7 rings,Every Breath You Take,Jocelyn Flores,STAY with Justin Bieber,Someone You Loved,Ether,The Night We Met,lzma,raw,30,65
As It Was,As It Was,Shine On,Lucid Dreams,Centipede,Sunflower - Spider-Man: Into the Spider-Verse,7 rings,Every Breath You Take,Don't Start Now,Jocelyn Flores,Ether,lzma,raw,30,65
Jocelyn Flores,Jocelyn Flores,Shine On,No Signal,One Dance,LOOP feat. Lil Cherry,Don't Start Now,SAD!,Thunder,STAY with Justin Bieber,Lean On feat. MØ & DJ Snake,lzma,raw,30,65
Believer,Believer,Shine On,SAD!,VICIOUS CYCLE,No Signal,HUMBLE.,Thunder,Stay With Me,LOOP feat. Lil Cherry,STAY with Justin Bieber,lzma,raw,30,65
7 rings,7 rings,Shine On,STAY with Justin Bieber,Ether,One Dance,Lele,No Signal,Every Breath You Take,VICIOUS CYCLE,LOOP feat. Lil Cherry,lzma,raw,30,65
When I Was Your Man,When I Was Your Man,Shine On,VICIOUS CYCLE,Jocelyn Flores,No Signal,Sunflower - Spider-Man: Into the Spider-Verse,Take Me To Church,Centipede,Flowers,Watermelon Sugar,lzma,raw,30,65
Cuidado,Cuidado,Shine On,No Signal,VICIOUS CYCLE,Sparkling Moments,Let Me Love You,Jocelyn Flores,One Dance,STAY with Justin Bieber,Stay With Me,lzma,raw,30,65
Watermelon Sugar,Watermelon Sugar,Shine On,Stay With Me,VICIOUS CYCLE,Sunflower - Spider-Man: Into the Spider-Verse,Centipede,Sparkling Moments,Jocelyn Flores,New Rules,Coconut Water,lzma,raw,30,65
Shape of You,Shape of You,Lucid Dreams,Shine On,Ether,STAY with Justin Bieber,7 rings,As It Was,The Night We Met,Every Breath You Take,VICIOUS CYCLE,lzma,raw,30,65
Sunflower - Spider-Man Into the Spider-Verse,Sunflower - Spider-Man: Into the Spider-Verse,Centipede,Don't Start Now,Take Me To Church,There's Nothing Holdin' Me Back,Shine On,7 rings,When I Was Your Man,One Kiss with Dua Lipa,Jocelyn Flores,lzma,raw,30,65
Sorry,Sorry,No Signal,Shine On,Let Me Love You,SAD!,One Dance,Lean On feat. MØ & DJ Snake,Jocelyn Flores,Cuidado,The Hills,lzma,raw,30,65
One Dance,One Dance,Shine On,No Signal,Jocelyn Flores,STAY with Justin Bieber,LOOP feat. Lil Cherry,Lele,Someone You Loved,7 rings,Every Breath You Take,lzma,raw,30,65
No Role Modelz,No Role Modelz,No Signal,Shine On,STAY with Justin Bieber,LOOP feat. Lil Cherry,Lean On feat. MØ & DJ Snake,VICIOUS CYCLE,Jocelyn Flores,Let Me Love You,Walk On Water,lzma,raw,30,65
Too Good At Goodbyes,Too Good At Goodbyes,No Signal,Jocelyn Flores,Shine On,HUMBLE.,LOOP feat. Lil Cherry,Lean On feat. MØ & DJ Snake,In the Morning,Cuidado,Sparkling Moments,lzma,raw,30,65
Shallow,Shallow,No Signal,VICIOUS CYCLE,Señorita,Centipede,Let Me Love You,Lean On feat. MØ & DJ Snake,Shine On,rockstar,Don't Start Now,lzma,raw,30,65
Take Me To Church,Take Me To Church,Shine On,No Signal,One Kiss with Dua Lipa,Centipede,Ether,Stay With Me,Señorita,goosebumps,Don't Start Now,lzma,raw,30,65
The Hills,The Hills,Shine On,STAY with Justin Bieber,No Signal,I Wanna Be Yours,Let Me Love You,VICIOUS CYCLE,Lean On feat. MØ & DJ Snake,In the Morning,Jocelyn Flores,lzma,raw,30,65
Demons,Demons,Shine On,No Signal,VICIOUS CYCLE,Jocelyn Flores,Let Me Love You,Lean On feat. MØ & DJ Snake,I Wanna Be Yours,Every Breath You Take,STAY with Justin Bieber,lzma,raw,30,65
New Rules,New Rules,Shine On,No Signal,VICIOUS CYCLE,Jocelyn Flores,Centipede,Stay With Me,Sunflower - Spider-Man: Into the Spider-Verse,Walk On Water,Don't Start Now,lzma,raw,30,65
lovely with Khalid,lovely with Khalid,Shine On,Jocelyn Flores,Centipede,VICIOUS CYCLE,7 rings,Sunflower - Spider-Man: Into the Spider-Verse,No Signal,Flowers,LOOP feat. Lil Cherry,lzma,raw,30,65
Someone You Loved,Someone You Loved,Shine On,No Signal,In the Morning,STAY with Justin Bieber,One Dance,Jocelyn Flores,That's What I Like,Lele,Every Breath You Take,lzma,raw,30,65
goosebumps,goosebumps,Shine On,HUMBLE.,LOOP feat. Lil Cherry,No Signal,Jocelyn Flores,VICIOUS CYCLE,Ether,Lean On feat. MØ & DJ Snake,STAY with Justin Bieber,lzma,raw,30,65
Señorita,Señorita,No Signal,Stay With Me,VICIOUS CYCLE,Circles,Thunder,Walk On Water,Sparkling Moments,Centipede,Shine On,lzma,raw,30,65
STAY with Justin Bieber,STAY with Justin Bieber,Shine On,Jocelyn Flores,No Signal,One Dance,LOOP feat. Lil Cherry,Every Breath You Take,Ether,Lean On feat. MØ & DJ Snake,Stay With Me,lzma,raw,30,65
Yellow,Yellow,Shine On,STAY with Justin Bieber,No Signal,Ether,Jocelyn Flores,VICIOUS CYCLE,Every Breath You Take,The Night We Met,Believer,lzma,raw,30,65
Walk On Water,Walk On Water,Shine On,Stay With Me,Señorita,Thunder,Jocelyn Flores,Lean On feat. MØ & DJ Snake,Choke,Every Breath You Take,Centipede,lzma,raw,30,65
Do I Wanna Know,Do I Wanna Know?,No Signal,Shine On,Lean On feat. MØ & DJ Snake,SAD!,Let Me Love You,VICIOUS CYCLE,Cuidado,Jocelyn Flores,Centipede,lzma,raw,30,65
Lele,Lele,No Signal,One Dance,Shine On,In the Morning,STAY with Justin Bieber,Jocelyn Flores,Lean On feat. MØ & DJ Snake,Every Breath You Take,Choke,lzma,raw,30,65
SAD!,SAD!,No Signal,Shine On,VICIOUS CYCLE,Jocelyn Flores,rockstar,LOOP feat. Lil Cherry,One Dance,One Kiss with Dua Lipa,Ether,lzma,raw,30,65
XO Tour Llif3,XO Tour Llif3,VICIOUS CYCLE,Shine On,HUMBLE.,Sunflower - Spider-Man: Into the Spider-Verse,Stay With Me,Jocelyn Flores,Walk On Water,Lean On feat. MØ & DJ Snake,7 rings,lzma,raw,30,65
Bohemian Rhapsody - Remastered 2011,Bohemian Rhapsody - Remastered 2011,Shine On,HUMBLE.,No Signal,Jocelyn Flores,LOOP feat. Lil Cherry,Lean On feat. MØ & DJ Snake,STAY with Justin Bieber,One Dance,Every Breath You Take,lzma,raw,30,65
Stressed Out,Stressed Out,No Signal,Shine On,VICIOUS CYCLE,STAY with Justin Bieber,Centipede,Sunflower - Spider-Man: Into the Spider-Verse,Jocelyn Flores,Sparkling Moments,The Night We Met,lzma,raw,30,65
Circles,Circles,VICIOUS CYCLE,No Signal,Shine On,Señorita,Thunder,Sparkling Moments,Starboy,Lean On feat. MØ & DJ Snake,Stay With Me,lzma,raw,30,65
No Signal,No Signal,Shine On,Lean On feat. MØ & DJ Snake,Jocelyn Flores,I Wanna Be Yours,Stay With Me,VICIOUS CYCLE,Thunder,Let Me Love You,SAD!,lzma,raw,30,65
Treat You Better,Treat You Better,No Signal,Shine On,Lean On feat. MØ & DJ Snake,HUMBLE.,VICIOUS CYCLE,One Dance,Lele,Jocelyn Flores,SAD!,lzma,raw,30,65
Lose Yourself,Lose Yourself,Shine On,VICIOUS CYCLE,Thunder,No Signal,LOOP feat. Lil Cherry,STAY with Justin Bieber,Flowers,Lean On feat. MØ & DJ Snake,7 rings,lzma,raw,30,65
SICKO MODE,SICKO MODE,VICIOUS CYCLE,No Signal,rockstar,Shine On,One Dance,Lean On feat. MØ & DJ Snake,HUMBLE.,STAY with Justin Bieber,LOOP feat. Lil Cherry,lzma,raw,30,65
Lucid Dreams,Lucid Dreams,Shine On,The Night We Met,One Dance,STAY with Justin Bieber,Ether,7 rings,VICIOUS CYCLE,Cruel Summer,No Signal,lzma,raw,30,65
There's Nothing Holdin' Me Back,There's Nothing Holdin' Me Back,Shine On,Jocelyn Flores,One Dance,As It Was,No Signal,LOOP feat. Lil Cherry,Sunflower - Spider-Man: Into the Spider-Verse,7 rings,STAY with Justin Bieber,lzma,raw,30,65
My Goodbye,My Goodbye,STAY with Justin Bieber,Choke,HUMBLE.,SAD!,7 rings,Believer,Shine On,Don't Start Now,Ether,lzma,raw,30,65
Coconut Water,Coconut Water,Shine On,VICIOUS CYCLE,No Signal,Señorita,Centipede,Walk On Water,Don't Start Now,Sunflower - Spider-Man: Into the Spider-Verse,Sparkling Moments,lzma,raw,30,65
rockstar,rockstar,VICIOUS CYCLE,No Signal,Shine On,HUMBLE.,One Dance,Lean On feat. MØ & DJ Snake,Jocelyn Flores,Thunder,Centipede,lzma,raw,30,65
Happier,Happier,No Signal,VICIOUS CYCLE,Shine On,Sparkling Moments,The Hills,rockstar,Thunder,Centipede,Lean On feat. MØ & DJ Snake,lzma,raw,30,65
Photograph,Photograph,Ether,Shine On,No Signal,Stay With Me,Thunder,LOOP feat. Lil Cherry,Choke,Lean On feat. MØ & DJ Snake,SAD!,lzma,raw,30,65
Every Breath You Take,Every Breath You Take,No Signal,Stay With Me,Shine On,One Dance,SAD!,VICIOUS CYCLE,Thunder,One Kiss with Dua Lipa,Ether,lzma,raw,30,65
