Take Me To Church,Take Me To Church,No Signal,Stay With Me,Shine On,One Kiss with Dua Lipa,Don't Start Now,Señorita,VICIOUS CYCLE,HUMBLE.,Ether,lzma,pinknoise,100
All of Me,Shine On,In the Morning,All of Me,STAY with Justin Bieber,VICIOUS CYCLE,One Dance,Someone You Loved,Mr. Brightside,Every Breath You Take,I Wanna Be Yours,lzma,pinknoise,100
Can't Hold Us feat,VICIOUS CYCLE,Sunflower - Spider-Man: Into the Spider-Verse,Thunder,Shine On,Stay With Me,Ether,Centipede,7 rings,goosebumps,Walk On Water,lzma,pinknoise,100
Someone You Loved,Someone You Loved,Shine On,No Signal,One Dance,In the Morning,STAY with Justin Bieber,Every Breath You Take,Lele,Ether,7 rings,lzma,pinknoise,100
The Night We Met,The Night We Met,VICIOUS CYCLE,7 rings,Shine On,Ether,There's Nothing Holdin' Me Back,Stay With Me,Cruel Summer,Lucid Dreams,Thunder,lzma,pinknoise,100
Watermelon Sugar,Watermelon Sugar,VICIOUS CYCLE,Stay With Me,Señorita,No Signal,Thunder,Lean On feat. MØ & DJ Snake,Just the Way You Are,Shine On,Sparkling Moments,lzma,pinknoise,100
bad guy,Thunder,Stay With Me,Ether,No Signal,Lean On feat. MØ & DJ Snake,VICIOUS CYCLE,Shine On,One Kiss with Dua Lipa,Centipede,Choke,lzma,pinknoise,100
God's Plan,Thunder,Stay With Me,VICIOUS CYCLE,Shine On,STAY with Justin Bieber,No Signal,Ether,XO Tour Llif3,HUMBLE.,goosebumps,lzma,pinknoise,100
Heat Waves,Heat Waves,Shine On,Ether,VICIOUS CYCLE,Lean On feat. MØ & DJ Snake,In the Morning,One Dance,STAY with Justin Bieber,Thunder,Jocelyn Flores,lzma,pinknoise,100
Lele,Lele,Shine On,One Dance,VICIOUS CYCLE,In the Morning,Ether,Someone You Loved,Every Breath You Take,There's Nothing Holdin' Me Back,Lean On feat. MØ & DJ Snake,lzma,pinknoise,100
Something Just Like This,VICIOUS CYCLE,Ether,Stay With Me,Something Just Like This,STAY with Justin Bieber,Thunder,Shine On,One Kiss with Dua Lipa,Lele,There's Nothing Holdin' Me Back,lzma,pinknoise,100
rockstar,Thunder,VICIOUS CYCLE,Shine On,I Wanna Be Yours,Lean On feat. MØ & DJ Snake,Ether,Stay With Me,Lele,The Night We Met,Sparkling Moments,lzma,pinknoise,100
Cruel Summer,Cruel Summer,Ether,Stay With Me,Señorita,Shine On,Centipede,Walk On Water,One Kiss with Dua Lipa,Thunder,VICIOUS CYCLE,lzma,pinknoise,100
One Kiss with Dua Lipa,VICIOUS CYCLE,No Signal,Shine On,One Kiss with Dua Lipa,Señorita,Thunder,Ether,Stay With Me,HUMBLE.,Sparkling Moments,lzma,pinknoise,100
I Wanna Be Yours,No Signal,I Wanna Be Yours,Stay With Me,SAD!,HUMBLE.,One Kiss with Dua Lipa,Choke,Shine On,STAY with Justin Bieber,One Dance,lzma,pinknoise,100
INDUSTRY BABY feat,VICIOUS CYCLE,Stay With Me,Shine On,Choke,No Signal,Thunder,Lean On feat. MØ & DJ Snake,goosebumps,STAY with Justin Bieber,One Kiss with Dua Lipa,lzma,pinknoise,100
Don't Start Now,Don't Start Now,VICIOUS CYCLE,Stay With Me,Señorita,Thunder,HUMBLE.,Shine On,Choke,Flowers,One Kiss with Dua Lipa,lzma,pinknoise,100
Bohemian Rhapsody - Remastered 2011,Thunder,Stay With Me,No Signal,Lean On feat. MØ & DJ Snake,One Kiss with Dua Lipa,Shine On,STAY with Justin Bieber,Choke,VICIOUS CYCLE,Ether,lzma,pinknoise,100
Shine On,Shine On,No Signal,VICIOUS CYCLE,Thunder,Lean On feat. MØ & DJ Snake,Stay With Me,Jocelyn Flores,Just the Way You Are,Ether,LOOP feat. Lil Cherry,lzma,pinknoise,100
Closer,Shine On,No Signal,VICIOUS CYCLE,Ether,STAY with Justin Bieber,Thunder,Let Me Love You,Stay With Me,The Hills,Choke,lzma,pinknoise,100
Ether,Ether,VICIOUS CYCLE,Shine On,No Signal,Thunder,HUMBLE.,STAY with Justin Bieber,Flowers,7 rings,SAD!,lzma,pinknoise,100
Sparkling Moments,Stay With Me,Ether,Shine On,Sparkling Moments,VICIOUS CYCLE,goosebumps,STAY with Justin Bieber,Señorita,HUMBLE.,Walk On Water,lzma,pinknoise,100
Unforgettable,Ether,STAY with Justin Bieber,Stay With Me,Choke,No Signal,Shine On,VICIOUS CYCLE,Unforgettable,One Kiss with Dua Lipa,One Dance,lzma,pinknoise,100
Demons,VICIOUS CYCLE,No Signal,SAD!,Shine On,Ether,Thunder,Stay With Me,Choke,STAY with Justin Bieber,Let Me Love You,lzma,pinknoise,100
The Hills,No Signal,STAY with Justin Bieber,VICIOUS CYCLE,Shine On,The Hills,Let Me Love You,Thunder,SAD!,Stay With Me,Lean On feat. MØ & DJ Snake,lzma,pinknoise,100
Coconut Water,Coconut Water,VICIOUS CYCLE,Stay With Me,Thunder,Señorita,Shine On,goosebumps,Sunflower - Spider-Man: Into the Spider-Verse,One Kiss with Dua Lipa,Don't Start Now,lzma,pinknoise,100
Shape of You,Shape of You,Shine On,Lucid Dreams,Ether,7 rings,Sunflower - Spider-Man: Into the Spider-Verse,Stay With Me,XO Tour Llif3,One Dance,There's Nothing Holdin' Me Back,lzma,pinknoise,100
My Goodbye,My Goodbye,Ether,Stay With Me,STAY with Justin Bieber,Choke,Shine On,Something Just Like This,Believer,7 rings,Thunder,lzma,pinknoise,100
That's What I Like,No Signal,Shine On,Thunder,Stay With Me,Ether,VICIOUS CYCLE,That's What I Like,STAY with Justin Bieber,Choke,LOOP feat. Lil Cherry,lzma,pinknoise,100
New Rules,New Rules,No Signal,Señorita,Stay With Me,Thunder,Sparkling Moments,STAY with Justin Bieber,Shine On,VICIOUS CYCLE,LOOP feat. Lil Cherry,lzma,pinknoise,100
lovely with Khalid,VICIOUS CYCLE,Thunder,Stay With Me,There's Nothing Holdin' Me Back,Flowers,XO Tour Llif3,Señorita,Shine On,Centipede,Ether,lzma,pinknoise,100
Counting Stars,Ether,Thunder,Stay With Me,Choke,Señorita,Shine On,Cruel Summer,STAY with Justin Bieber,goosebumps,Sparkling Moments,lzma,pinknoise,100
Wake Me Up - Radio Edit,VICIOUS CYCLE,Stay With Me,Centipede,Wake Me Up - Radio Edit,Señorita,Shine On,Something Just Like This,Lean On feat. MØ & DJ Snake,There's Nothing Holdin' Me Back,Thunder,lzma,pinknoise,100
Jocelyn Flores,No Signal,Jocelyn Flores,VICIOUS CYCLE,LOOP feat. Lil Cherry,Stay With Me,Señorita,Flowers,Thunder,Stressed Out,goosebumps,lzma,pinknoise,100
Lucid Dreams,Lucid Dreams,Ether,VICIOUS CYCLE,Thunder,Shine On,Stay With Me,There's Nothing Holdin' Me Back,Lean On feat. MØ & DJ Snake,7 rings,Don't Start Now,lzma,pinknoise,100
SAD!,SAD!,No Signal,Shine On,Ether,VICIOUS CYCLE,The Hills,Every Breath You Take,Stay With Me,One Dance,Lean On feat. MØ & DJ Snake,lzma,pinknoise,100
Sunflower - Spider-Man Into the Spider-Verse,Sunflower - Spider-Man: Into the Spider-Verse,VICIOUS CYCLE,Shine On,Don't Start Now,Centipede,There's Nothing Holdin' Me Back,Ether,Wake Me Up - Radio Edit,Watermelon Sugar,goosebumps,lzma,pinknoise,100
Circles,Circles,Señorita,Thunder,Stay With Me,VICIOUS CYCLE,Sparkling Moments,Flowers,goosebumps,Coconut Water,Shine On,lzma,pinknoise,100
No Role Modelz,Shine On,No Signal,STAY with Justin Bieber,Ether,Thunder,Stay With Me,VICIOUS CYCLE,Choke,Believer,The Hills,lzma,pinknoise,100
STAY with Justin Bieber,STAY with Justin Bieber,No Signal,Ether,Thunder,Stay With Me,SAD!,Shine On,One Dance,VICIOUS CYCLE,HUMBLE.,lzma,pinknoise,100
Stressed Out,Thunder,Stay With Me,Señorita,VICIOUS CYCLE,No Signal,Ether,Centipede,STAY with Justin Bieber,One Kiss with Dua Lipa,goosebumps,lzma,pinknoise,100
Let Me Love You,No Signal,HUMBLE.,Shine On,Stay With Me,VICIOUS CYCLE,SAD!,Ether,Let Me Love You,Lean On feat. MØ & DJ Snake,Thunder,lzma,pinknoise,100
Say You Won't Let Go,Shine On,Thunder,VICIOUS CYCLE,Lean On feat. MØ & DJ Snake,Say You Won't Let Go,HUMBLE.,No Signal,Stay With Me,SAD!,Watermelon Sugar,lzma,pinknoise,100
Lean On feat,No Signal,Lean On feat. MØ & DJ Snake,VICIOUS CYCLE,Shine On,Thunder,HUMBLE.,Stay With Me,STAY with Justin Bieber,Walk On Water,One Kiss with Dua Lipa,lzma,pinknoise,100
Cuidado,No Signal,Shine On,Cuidado,VICIOUS CYCLE,One Dance,SAD!,Choke,Lean On feat. MØ & DJ Snake,Jocelyn Flores,STAY with Justin Bieber,lzma,pinknoise,100
SICKO MODE,Shine On,VICIOUS CYCLE,Ether,SICKO MODE,HUMBLE.,Lele,There's Nothing Holdin' Me Back,STAY with Justin Bieber,Sunflower - Spider-Man: Into the Spider-Verse,7 rings,lzma,pinknoise,100
Starboy,Starboy,No Signal,Thunder,Shine On,Ether,VICIOUS CYCLE,Sparkling Moments,Sunflower - Spider-Man: Into the Spider-Verse,SAD!,There's Nothing Holdin' Me Back,lzma,pinknoise,100
Let Her Go,Thunder,VICIOUS CYCLE,SAD!,Shine On,HUMBLE.,Flowers,Ether,Choke,Stay With Me,Señorita,lzma,pinknoise,100
Every Breath You Take,No Signal,Stay With Me,SAD!,Thunder,Choke,Ether,Every Breath You Take,VICIOUS CYCLE,Señorita,Sorry,lzma,pinknoise,100
Another Love,VICIOUS CYCLE,Ether,Stay With Me,HUMBLE.,Thunder,Centipede,One Kiss with Dua Lipa,Circles,goosebumps,There's Nothing Holdin' Me Back,lzma,pinknoise,100
Love Yourself,Love Yourself,Ether,Shine On,STAY with Justin Bieber,7 rings,Centipede,Thunder,Every Breath You Take,There's Nothing Holdin' Me Back,One Dance,lzma,pinknoise,100
Sorry,Sorry,No Signal,VICIOUS CYCLE,Stay With Me,One Dance,STAY with Justin Bieber,Choke,Shine On,Thunder,SAD!,lzma,pinknoise,100
One Dance,One Dance,Shine On,In the Morning,VICIOUS CYCLE,No Signal,STAY with Justin Bieber,Lele,Ether,7 rings,I Wanna Be Yours,lzma,pinknoise,100
Stay With Me,Stay With Me,VICIOUS CYCLE,No Signal,Shine On,One Kiss with Dua Lipa,Thunder,Ether,goosebumps,Every Breath You Take,SAD!,lzma,pinknoise,100
Shallow,No Signal,Señorita,Stay With Me,One Kiss with Dua Lipa,STAY with Justin Bieber,VICIOUS CYCLE,SAD!,Ether,Choke,HUMBLE.,lzma,pinknoise,100
Centipede,VICIOUS CYCLE,Centipede,Shine On,HUMBLE.,Stay With Me,Ether,Señorita,Lean On feat. MØ & DJ Snake,Don't Start Now,Flowers,lzma,pinknoise,100
Do I Wanna Know,No Signal,Shine On,VICIOUS CYCLE,LOOP feat. Lil Cherry,Stay With Me,Ether,STAY with Justin Bieber,Do I Wanna Know?,HUMBLE.,Thunder,lzma,pinknoise,100
VICIOUS CYCLE,VICIOUS CYCLE,Shine On,The Night We Met,Thunder,rockstar,Stay With Me,Ether,7 rings,Sparkling Moments,One Dance,lzma,pinknoise,100
Flowers,Flowers,Shine On,VICIOUS CYCLE,Centipede,Thunder,No Signal,Sparkling Moments,HUMBLE.,Ether,Every Breath You Take,lzma,pinknoise,100
Just the Way You Are,Just the Way You Are,No Signal,Shine On,VICIOUS CYCLE,Stay With Me,HUMBLE.,Thunder,I Wanna Be Yours,Every Breath You Take,Walk On Water,lzma,pinknoise,100
In the End,In the End,STAY with Justin Bieber,Shine On,Choke,Ether,No Signal,VICIOUS CYCLE,Lele,Lucid Dreams,Stay With Me,lzma,pinknoise,100
Photograph,SAD!,Ether,VICIOUS CYCLE,Photograph,Stay With Me,One Kiss with Dua Lipa,Shine On,Choke,Thunder,Believer,lzma,pinknoise,100
Viva La Vida,No Signal,SAD!,Shine On,STAY with Justin Bieber,One Kiss with Dua Lipa,VICIOUS CYCLE,Lean On feat. MØ & DJ Snake,Choke,Sorry,Believer,lzma,pinknoise,100
XO Tour Llif3,VICIOUS CYCLE,No Signal,XO Tour Llif3,Shine On,Thunder,STAY with Justin Bieber,Ether,HUMBLE.,7 rings,Lucid Dreams,lzma,pinknoise,100
7 rings,Ether,7 rings,Thunder,STAY with Justin Bieber,SAD!,One Kiss with Dua Lipa,One Dance,Shine On,Lucid Dreams,goosebumps,lzma,pinknoise,100
Thunder,Thunder,No Signal,VICIOUS CYCLE,Stay With Me,SAD!,Choke,STAY with Justin Bieber,Ether,Centipede,Shine On,lzma,pinknoise,100
Yellow,Yellow,Ether,Shine On,STAY with Justin Bieber,VICIOUS CYCLE,No Signal,Thunder,7 rings,LOOP feat. Lil Cherry,Let Me Love You,lzma,pinknoise,100
LOOP feat,LOOP feat. Lil Cherry,No Signal,Shine On,Stay With Me,VICIOUS CYCLE,Ether,Every Breath You Take,Thunder,Lean On feat. MØ & DJ Snake,Choke,lzma,pinknoise,100
Lose Yourself,Stay With Me,Shine On,VICIOUS CYCLE,Ether,One Dance,HUMBLE.,Lean On feat. MØ & DJ Snake,LOOP feat. Lil Cherry,No Signal,Every Breath You Take,lzma,pinknoise,100
Mr,Mr. Brightside,Stay With Me,Shine On,SAD!,HUMBLE.,STAY with Justin Bieber,No Signal,Ether,Choke,Lean On feat. MØ & DJ Snake,lzma,pinknoise,100
Choke,Choke,HUMBLE.,Thunder,VICIOUS CYCLE,No Signal,Señorita,Shine On,Ether,Lean On feat. MØ & DJ Snake,SAD!,lzma,pinknoise,100
When I Was Your Man,Thunder,Señorita,When I Was Your Man,VICIOUS CYCLE,One Kiss with Dua Lipa,Stay With Me,goosebumps,New Rules,Sparkling Moments,Shine On,lzma,pinknoise,100
Too Good At Goodbyes,VICIOUS CYCLE,Too Good At Goodbyes,Shine On,No Signal,Thunder,Sparkling Moments,Lean On feat. MØ & DJ Snake,STAY with Justin Bieber,Just the Way You Are,Stay With Me,lzma,pinknoise,100
HUMBLE,VICIOUS CYCLE,HUMBLE.,Stay With Me,No Signal,Ether,Thunder,LOOP feat. Lil Cherry,Shine On,SAD!,Señorita,lzma,pinknoise,100
goosebumps,goosebumps,VICIOUS CYCLE,Stay With Me,Shine On,Señorita,No Signal,Circles,Centipede,There's Nothing Holdin' Me Back,Thunder,lzma,pinknoise,100
No Signal,No Signal,Thunder,Stay With Me,VICIOUS CYCLE,Ether,Choke,Shine On,LOOP feat. Lil Cherry,STAY with Justin Bieber,One Kiss with Dua Lipa,lzma,pinknoise,100
Happier,Happier,VICIOUS CYCLE,No Signal,Stay With Me,Sparkling Moments,Shine On,Thunder,Señorita,Just the Way You Are,Ether,lzma,pinknoise,100
Señorita,Señorita,Stay With Me,No Signal,VICIOUS CYCLE,Thunder,One Kiss with Dua Lipa,SAD!,Centipede,Shine On,Circles,lzma,pinknoise,100
Treat You Better,STAY with Justin Bieber,Thunder,Stay With Me,Choke,Ether,Shine On,Señorita,VICIOUS CYCLE,One Dance,No Signal,lzma,pinknoise,100
Walk On Water,Walk On Water,No Signal,Stay With Me,VICIOUS CYCLE,Thunder,Ether,Señorita,One Kiss with Dua Lipa,Shine On,SAD!,lzma,pinknoise,100
Die For You,Ether,VICIOUS CYCLE,No Signal,Thunder,goosebumps,Stay With Me,STAY with Justin Bieber,Lele,Walk On Water,There's Nothing Holdin' Me Back,lzma,pinknoise,100
Thinking out Loud,Thinking out Loud,Shine On,VICIOUS CYCLE,Señorita,Sunflower - Spider-Man: Into the Spider-Verse,Stay With Me,Don't Start Now,Centipede,There's Nothing Holdin' Me Back,Cruel Summer,lzma,pinknoise,100
Riptide,No Signal,VICIOUS CYCLE,Shine On,Ether,Stay With Me,Thunder,Riptide,Flowers,Choke,LOOP feat. Lil Cherry,lzma,pinknoise,100
Sweater Weather,VICIOUS CYCLE,No Signal,HUMBLE.,Stay With Me,Shine On,Thunder,STAY with Justin Bieber,SAD!,Ether,Sweater Weather,lzma,pinknoise,100
Believer,Believer,Shine On,No Signal,VICIOUS CYCLE,Thunder,STAY with Justin Bieber,Choke,In the Morning,SAD!,Stay With Me,lzma,pinknoise,100
As It Was,As It Was,Ether,Shine On,Don't Start Now,STAY with Justin Bieber,Sunflower - Spider-Man: Into the Spider-Verse,Lucid Dreams,Something Just Like This,Centipede,Thunder,lzma,pinknoise,100
Without Me with Juice WRLD,Shine On,Without Me with Juice WRLD,Ether,STAY with Justin Bieber,VICIOUS CYCLE,Lele,7 rings,In the Morning,Every Breath You Take,One Dance,lzma,pinknoise,100
Man On the Moon,No Signal,VICIOUS CYCLE,Thunder,Ether,Stay With Me,Shine On,Lean On feat. MØ & DJ Snake,Man On the Moon,STAY with Justin Bieber,HUMBLE.,lzma,pinknoise,100
Havana feat,No Signal,Shine On,VICIOUS CYCLE,Stay With Me,Lean On feat. MØ & DJ Snake,SAD!,Every Breath You Take,rockstar,Lele,Thunder,lzma,pinknoise,100
Smells Like Teen Spirit,No Signal,Ether,Shine On,SAD!,Thunder,Stay With Me,STAY with Justin Bieber,Señorita,Every Breath You Take,One Kiss with Dua Lipa,lzma,pinknoise,100
There's Nothing Holdin' Me Back,Stay With Me,One Kiss with Dua Lipa,VICIOUS CYCLE,Señorita,Ether,There's Nothing Holdin' Me Back,Shine On,XO Tour Llif3,Flowers,Every Breath You Take,lzma,pinknoise,100
Without Me,Ether,Shine On,VICIOUS CYCLE,LOOP feat. Lil Cherry,SAD!,Stay With Me,No Signal,Thunder,Without Me,Lean On feat. MØ & DJ Snake,lzma,pinknoise,100
In the Morning,In the Morning,Shine On,STAY with Justin Bieber,One Dance,Lele,7 rings,Heat Waves,Mr. Brightside,INDUSTRY BABY feat. Jack Harlow,Jocelyn Flores,lzma,pinknoise,100
