Cruel Summer,Cruel Summer,Shine On,Ether,VICIOUS CYCLE,STAY with Justin Bieber,Señorita,Stay With Me,No Signal,There's Nothing Holdin' Me Back,7 rings,lzma,raw,15
lovely with Khalid,lovely with Khalid,Shine On,Jocelyn Flores,7 rings,VICIOUS CYCLE,Take Me To Church,The Night We Met,LOOP feat. Lil Cherry,No Signal,STAY with Justin Bieber,lzma,raw,15
Walk On Water,Walk On Water,Señorita,No Signal,VICIOUS CYCLE,SAD!,Stay With Me,One Kiss with Dua Lipa,HUMBLE.,Shine On,Stressed Out,lzma,raw,15
7 rings,7 rings,In the Morning,Shine On,HUMBLE.,No Signal,Stay With Me,Jocelyn Flores,STAY with Justin Bieber,SAD!,One Dance,lzma,raw,15
STAY with Justin Bieber,STAY with Justin Bieber,No Signal,Shine On,Stay With Me,HUMBLE.,Lean On feat. MØ & DJ Snake,One Dance,I Wanna Be Yours,Thunder,Sparkling Moments,lzma,raw,15
My Goodbye,My Goodbye,Stay With Me,Shine On,No Signal,Ether,SAD!,Flowers,STAY with Justin Bieber,There's Nothing Holdin' Me Back,Thunder,lzma,raw,15
God's Plan,God's Plan,Shine On,No Signal,Jocelyn Flores,STAY with Justin Bieber,HUMBLE.,Lean On feat. MØ & DJ Snake,VICIOUS CYCLE,Thunder,LOOP feat. Lil Cherry,lzma,raw,15
I Wanna Be Yours,I Wanna Be Yours,No Signal,Shine On,Lean On feat. MØ & DJ Snake,HUMBLE.,One Dance,Jocelyn Flores,Let Me Love You,Stay With Me,LOOP feat. Lil Cherry,lzma,raw,15
Ether,Ether,VICIOUS CYCLE,Shine On,In the Morning,No Signal,7 rings,Thunder,STAY with Justin Bieber,LOOP feat. Lil Cherry,Walk On Water,lzma,raw,15
Man On the Moon,No Signal,HUMBLE.,Man On the Moon,Thunder,Señorita,LOOP feat. Lil Cherry,Shine On,SAD!,Choke,STAY with Justin Bieber,lzma,raw,15
Can't Hold Us feat,Can't Hold Us feat. Ray Dalton,VICIOUS CYCLE,No Signal,Stay With Me,Shine On,Flowers,Señorita,Centipede,Thunder,LOOP feat. Lil Cherry,lzma,raw,15
Photograph,Photograph,No Signal,Lean On feat. MØ & DJ Snake,HUMBLE.,Shine On,Stay With Me,SAD!,Ether,Believer,goosebumps,lzma,raw,15
Starboy,Starboy,Shine On,Jocelyn Flores,No Signal,Sparkling Moments,Sunflower - Spider-Man: Into the Spider-Verse,When I Was Your Man,Watermelon Sugar,7 rings,STAY with Justin Bieber,lzma,raw,15
rockstar,rockstar,No Signal,HUMBLE.,VICIOUS CYCLE,Shine On,goosebumps,Jocelyn Flores,Lean On feat. MØ & DJ Snake,One Dance,SAD!,lzma,raw,15
XO Tour Llif3,XO Tour Llif3,No Signal,VICIOUS CYCLE,HUMBLE.,Shine On,rockstar,STAY with Justin Bieber,One Dance,7 rings,Lele,lzma,raw,15
Die For You,Die For You,No Signal,VICIOUS CYCLE,STAY with Justin Bieber,Shine On,Ether,Thunder,Walk On Water,Stay With Me,Every Breath You Take,lzma,raw,15
One Kiss with Dua Lipa,One Kiss with Dua Lipa,No Signal,SAD!,Shine On,Jocelyn Flores,VICIOUS CYCLE,Centipede,Lean On feat. MØ & DJ Snake,Don't Start Now,STAY with Justin Bieber,lzma,raw,15
Señorita,Señorita,HUMBLE.,No Signal,One Kiss with Dua Lipa,Shine On,Lean On feat. MØ & DJ Snake,Centipede,Stay With Me,Flowers,SAD!,lzma,raw,15
Let Her Go,Let Her Go,Shine On,No Signal,Centipede,Lean On feat. MØ & DJ Snake,Stay With Me,Walk On Water,Every Breath You Take,Watermelon Sugar,One Dance,lzma,raw,15
Sunflower - Spider-Man Into the Spider-Verse,Sunflower - Spider-Man: Into the Spider-Verse,Shine On,Don't Start Now,VICIOUS CYCLE,Jocelyn Flores,Lucid Dreams,Coconut Water,One Kiss with Dua Lipa,7 rings,Sparkling Moments,lzma,raw,15
Do I Wanna Know,Do I Wanna Know?,No Signal,Shine On,STAY with Justin Bieber,HUMBLE.,VICIOUS CYCLE,Jocelyn Flores,Stay With Me,Thunder,Lean On feat. MØ & DJ Snake,lzma,raw,15
Thinking out Loud,Thinking out Loud,HUMBLE.,Shine On,Jocelyn Flores,Stay With Me,Sunflower - Spider-Man: Into the Spider-Verse,XO Tour Llif3,Thunder,Lean On feat. MØ & DJ Snake,Ether,lzma,raw,15
goosebumps,goosebumps,VICIOUS CYCLE,Stay With Me,No Signal,Flowers,Don't Start Now,Lucid Dreams,Thunder,Señorita,Centipede,lzma,raw,15
Shallow,Shallow,HUMBLE.,No Signal,VICIOUS CYCLE,Shine On,Stay With Me,Thunder,One Kiss with Dua Lipa,Lean On feat. MØ & DJ Snake,Flowers,lzma,raw,15
Centipede,Centipede,Shine On,Stay With Me,VICIOUS CYCLE,Thunder,Lean On feat. MØ & DJ Snake,No Signal,Starboy,Señorita,Cruel Summer,lzma,raw,15
Unforgettable,Unforgettable,No Signal,Stay With Me,HUMBLE.,Lean On feat. MØ & DJ Snake,Shine On,STAY with Justin Bieber,Thunder,Jocelyn Flores,Ether,lzma,raw,15
The Hills,The Hills,Shine On,Lean On feat. MØ & DJ Snake,No Signal,Let Me Love You,One Dance,STAY with Justin Bieber,Cuidado,Lele,Jocelyn Flores,lzma,raw,15
Happier,Happier,No Signal,VICIOUS CYCLE,Shine On,HUMBLE.,Jocelyn Flores,Lean On feat. MØ & DJ Snake,STAY with Justin Bieber,In the Morning,The Hills,lzma,raw,15
As It Was,As It Was,No Signal,Shine On,Ether,Stay With Me,STAY with Justin Bieber,Centipede,Thunder,Don't Start Now,VICIOUS CYCLE,lzma,raw,15
One Dance,One Dance,Shine On,No Signal,Lele,STAY with Justin Bieber,Jocelyn Flores,HUMBLE.,7 rings,I Wanna Be Yours,In the Morning,lzma,raw,15
Lucid Dreams,Lucid Dreams,HUMBLE.,Shine On,No Signal,One Dance,STAY with Justin Bieber,VICIOUS CYCLE,Jocelyn Flores,Ether,Lean On feat. MØ & DJ Snake,lzma,raw,15
Smells Like Teen Spirit,Smells Like Teen Spirit,Shine On,No Signal,One Dance,I Wanna Be Yours,Every Breath You Take,Jocelyn Flores,STAY with Justin Bieber,Lean On feat. MØ & DJ Snake,Thunder,lzma,raw,15
Every Breath You Take,Every Breath You Take,No Signal,Shine On,Stay With Me,Choke,VICIOUS CYCLE,Thunder,Ether,LOOP feat. Lil Cherry,Sparkling Moments,lzma,raw,15
Counting Stars,Counting Stars,No Signal,SAD!,Ether,Shine On,STAY with Justin Bieber,Don't Start Now,VICIOUS CYCLE,Flowers,Just the Way You Are,lzma,raw,15
Wake Me Up - Radio Edit,Wake Me Up - Radio Edit,HUMBLE.,Jocelyn Flores,No Signal,VICIOUS CYCLE,Shine On,Centipede,Lean On feat. MØ & DJ Snake,Ether,SAD!,lzma,raw,15
Shape of You,Shape of You,7 rings,Shine On,Jocelyn Flores,Every Breath You Take,Heat Waves,goosebumps,No Signal,There's Nothing Holdin' Me Back,Centipede,lzma,raw,15
In the End,In the End,No Signal,Shine On,Lele,VICIOUS CYCLE,STAY with Justin Bieber,Lucid Dreams,Choke,Ether,One Dance,lzma,raw,15
Something Just Like This,Something Just Like This,No Signal,VICIOUS CYCLE,Shine On,Centipede,Lean On feat. MØ & DJ Snake,Ether,Jocelyn Flores,Stay With Me,Flowers,lzma,raw,15
Choke,Choke,Shine On,Señorita,VICIOUS CYCLE,No Signal,STAY with Justin Bieber,Thunder,Lean On feat. MØ & DJ Snake,Ether,One Dance,lzma,raw,15
bad guy,bad guy,HUMBLE.,No Signal,Shine On,LOOP feat. Lil Cherry,Thunder,Lean On feat. MØ & DJ Snake,Choke,One Dance,Jocelyn Flores,lzma,raw,15
Take Me To Church,Take Me To Church,No Signal,Señorita,Stay With Me,Thunder,Centipede,VICIOUS CYCLE,SAD!,Flowers,HUMBLE.,lzma,raw,15
Just the Way You Are,Just the Way You Are,No Signal,Shine On,VICIOUS CYCLE,Sparkling Moments,STAY with Justin Bieber,Jocelyn Flores,HUMBLE.,Believer,Thunder,lzma,raw,15
When I Was Your Man,When I Was Your Man,Shine On,Jocelyn Flores,Sunflower - Spider-Man: Into the Spider-Verse,Lean On feat. MØ & DJ Snake,Don't Start Now,7 rings,Watermelon Sugar,No Signal,Centipede,lzma,raw,15
Lean On feat,Lean On feat. MØ & DJ Snake,No Signal,Shine On,STAY with Justin Bieber,Thunder,The Hills,Sparkling Moments,LOOP feat. Lil Cherry,Ether,Let Me Love You,lzma,raw,15
Circles,Circles,Shine On,VICIOUS CYCLE,No Signal,Sparkling Moments,Jocelyn Flores,When I Was Your Man,Watermelon Sugar,The Hills,Thunder,lzma,raw,15
Treat You Better,Treat You Better,No Signal,Shine On,Jocelyn Flores,SAD!,Stay With Me,VICIOUS CYCLE,One Dance,LOOP feat. Lil Cherry,Thunder,lzma,raw,15
Closer,Closer,No Signal,One Dance,In the Morning,STAY with Justin Bieber,HUMBLE.,Lele,Shine On,Lean On feat. MØ & DJ Snake,Choke,lzma,raw,15
Say You Won't Let Go,Say You Won't Let Go,No Signal,Shine On,One Dance,Jocelyn Flores,STAY with Justin Bieber,Lean On feat. MØ & DJ Snake,Thunder,Señorita,Sparkling Moments,lzma,raw,15
Cuidado,Cuidado,Shine On,No Signal,STAY with Justin Bieber,Jocelyn Flores,SAD!,In the Morning,One Dance,The Hills,Lean On feat. MØ & DJ Snake,lzma,raw,15
New Rules,New Rules,No Signal,Stay With Me,Shine On,HUMBLE.,Señorita,Jocelyn Flores,Thunder,STAY with Justin Bieber,SAD!,lzma,raw,15
Don't Start Now,Don't Start Now,Señorita,Shine On,Stay With Me,VICIOUS CYCLE,goosebumps,Choke,Jocelyn Flores,Centipede,There's Nothing Holdin' Me Back,lzma,raw,15
INDUSTRY BABY feat,INDUSTRY BABY feat. Jack Harlow,No Signal,Lean On feat. MØ & DJ Snake,SAD!,STAY with Justin Bieber,VICIOUS CYCLE,Choke,Shine On,Jocelyn Flores,One Kiss with Dua Lipa,lzma,raw,15
Sorry,Sorry,Shine On,No Signal,Jocelyn Flores,STAY with Justin Bieber,One Dance,The Hills,LOOP feat. Lil Cherry,HUMBLE.,SAD!,lzma,raw,15
In the Morning,In the Morning,Shine On,One Dance,No Signal,Lele,Every Breath You Take,STAY with Justin Bieber,Jocelyn Flores,Someone You Loved,The Hills,lzma,raw,15
Riptide,Riptide,No Signal,Shine On,HUMBLE.,VICIOUS CYCLE,Thunder,STAY with Justin Bieber,SAD!,LOOP feat. Lil Cherry,Stay With Me,lzma,raw,15
SAD!,SAD!,No Signal,Shine On,LOOP feat. Lil Cherry,One Dance,Jocelyn Flores,VICIOUS CYCLE,Stay With Me,Thunder,Lean On feat. MØ & DJ Snake,lzma,raw,15
The Night We Met,The Night We Met,Jocelyn Flores,Shine On,In the Morning,XO Tour Llif3,Wake Me Up - Radio Edit,No Signal,Sunflower - Spider-Man: Into the Spider-Verse,Don't Start Now,7 rings,lzma,raw,15
Jocelyn Flores,Jocelyn Flores,No Signal,Shine On,Lean On feat. MØ & DJ Snake,LOOP feat. Lil Cherry,INDUSTRY BABY feat. Jack Harlow,Thunder,STAY with Justin Bieber,VICIOUS CYCLE,rockstar,lzma,raw,15
Havana feat,No Signal,Shine On,Jocelyn Flores,HUMBLE.,Thunder,STAY with Justin Bieber,One Dance,Let Me Love You,Lean On feat. MØ & DJ Snake,Centipede,lzma,raw,15
Shine On,Shine On,HUMBLE.,Jocelyn Flores,No Signal,Choke,LOOP feat. Lil Cherry,In the Morning,One Dance,Every Breath You Take,STAY with Justin Bieber,lzma,raw,15
No Role Modelz,No Role Modelz,Shine On,No Signal,STAY with Justin Bieber,Stay With Me,Jocelyn Flores,VICIOUS CYCLE,LOOP feat. Lil Cherry,One Dance,Just the Way You Are,lzma,raw,15
Thunder,Thunder,No Signal,HUMBLE.,Shine On,VICIOUS CYCLE,Jocelyn Flores,One Kiss with Dua Lipa,Señorita,Just the Way You Are,Walk On Water,lzma,raw,15
Stressed Out,Stressed Out,No Signal,Shine On,HUMBLE.,Señorita,Stay With Me,Choke,Flowers,Lean On feat. MØ & DJ Snake,VICIOUS CYCLE,lzma,raw,15
Another Love,Another Love,No Signal,Shine On,Thunder,Jocelyn Flores,HUMBLE.,VICIOUS CYCLE,SAD!,Flowers,Every Breath You Take,lzma,raw,15
Sweater Weather,Sweater Weather,Shine On,SAD!,No Signal,VICIOUS CYCLE,Lean On feat. MØ & DJ Snake,Jocelyn Flores,STAY with Justin Bieber,LOOP feat. Lil Cherry,Let Me Love You,lzma,raw,15
No Signal,No Signal,VICIOUS CYCLE,Lean On feat. MØ & DJ Snake,HUMBLE.,STAY with Justin Bieber,Thunder,Shine On,Choke,One Dance,Señorita,lzma,raw,15
Stay With Me,Stay With Me,No Signal,VICIOUS CYCLE,Jocelyn Flores,One Kiss with Dua Lipa,Shine On,STAY with Justin Bieber,Watermelon Sugar,Sparkling Moments,New Rules,lzma,raw,15
Viva La Vida,Viva La Vida,Shine On,In the Morning,No Signal,Someone You Loved,STAY with Justin Bieber,Every Breath You Take,The Night We Met,Jocelyn Flores,7 rings,lzma,raw,15
Flowers,Flowers,HUMBLE.,No Signal,Shine On,VICIOUS CYCLE,Lean On feat. MØ & DJ Snake,Sparkling Moments,Thunder,Jocelyn Flores,Every Breath You Take,lzma,raw,15
Believer,Believer,No Signal,Shine On,STAY with Justin Bieber,HUMBLE.,Jocelyn Flores,Lean On feat. MØ & DJ Snake,In the Morning,LOOP feat. Lil Cherry,7 rings,lzma,raw,15
HUMBLE,HUMBLE.,No Signal,VICIOUS CYCLE,Centipede,Thunder,SAD!,Shine On,Ether,Lean On feat. MØ & DJ Snake,LOOP feat. Lil Cherry,lzma,raw,15
Lele,Lele,No Signal,HUMBLE.,Shine On,One Dance,STAY with Justin Bieber,In the Morning,Stay With Me,VICIOUS CYCLE,Ether,lzma,raw,15
SICKO MODE,SICKO MODE,VICIOUS CYCLE,No Signal,LOOP feat. Lil Cherry,HUMBLE.,goosebumps,Thunder,Sparkling Moments,Ether,Señorita,lzma,raw,15
Love Yourself,Love Yourself,Shine On,STAY with Justin Bieber,7 rings,Ether,Stay With Me,XO Tour Llif3,One Dance,Photograph,In the Morning,lzma,raw,15
All of Me,All of Me,No Signal,Shine On,STAY with Justin Bieber,Jocelyn Flores,7 rings,In the Morning,Someone You Loved,One Dance,LOOP feat. Lil Cherry,lzma,raw,15
VICIOUS CYCLE,VICIOUS CYCLE,HUMBLE.,Shine On,Thunder,Ether,No Signal,One Dance,LOOP feat. Lil Cherry,STAY with Justin Bieber,Lean On feat. MØ & DJ Snake,lzma,raw,15
Let Me Love You,Let Me Love You,No Signal,Lean On feat. MØ & DJ Snake,Shine On,Jocelyn Flores,HUMBLE.,VICIOUS CYCLE,STAY with Justin Bieber,One Kiss with Dua Lipa,Stay With Me,lzma,raw,15
Without Me with Juice WRLD,Without Me with Juice WRLD,Shine On,One Dance,STAY with Justin Bieber,Lele,7 rings,Lucid Dreams,Ether,In the Morning,The Night We Met,lzma,raw,15
Someone You Loved,Someone You Loved,No Signal,Shine On,STAY with Justin Bieber,HUMBLE.,Jocelyn Flores,One Dance,Every Breath You Take,Believer,Thunder,lzma,raw,15
Yellow,Yellow,No Signal,STAY with Justin Bieber,Shine On,Stay With Me,Ether,HUMBLE.,Centipede,Photograph,Every Breath You Take,lzma,raw,15
Too Good At Goodbyes,Too Good At Goodbyes,No Signal,Shine On,Señorita,LOOP feat. Lil Cherry,Jocelyn Flores,Walk On Water,Stay With Me,Thunder,VICIOUS CYCLE,lzma,raw,15
Demons,Demons,No Signal,Shine On,STAY with Justin Bieber,In the Morning,Let Me Love You,Jocelyn Flores,Sorry,Someone You Loved,INDUSTRY BABY feat. Jack Harlow,lzma,raw,15
There's Nothing Holdin' Me Back,There's Nothing Holdin' Me Back,Shine On,Jocelyn Flores,XO Tour Llif3,The Night We Met,Don't Start Now,Centipede,HUMBLE.,Sunflower - Spider-Man: Into the Spider-Verse,Lean On feat. MØ & DJ Snake,lzma,raw,15
Bohemian Rhapsody - Remastered 2011,Bohemian Rhapsody - Remastered 2011,No Signal,HUMBLE.,Shine On,VICIOUS CYCLE,Let Me Love You,Lean On feat. MØ & DJ Snake,Every Breath You Take,Stay With Me,Thunder,lzma,raw,15
Lose Yourself,Lose Yourself,No Signal,HUMBLE.,Shine On,Stay With Me,Sparkling Moments,Centipede,Thunder,Believer,There's Nothing Holdin' Me Back,lzma,raw,15
Heat Waves,Heat Waves,No Signal,STAY with Justin Bieber,Shine On,Stay With Me,One Dance,LOOP feat. Lil Cherry,Jocelyn Flores,Lele,Every Breath You Take,lzma,raw,15
Without Me,Without Me,No Signal,HUMBLE.,VICIOUS CYCLE,LOOP feat. Lil Cherry,One Dance,Lean On feat. MØ & DJ Snake,Choke,Shine On,Stay With Me,lzma,raw,15
LOOP feat,LOOP feat. Lil Cherry,No Signal,Shine On,Jocelyn Flores,Every Breath You Take,STAY with Justin Bieber,One Dance,Someone You Loved,Sparkling Moments,VICIOUS CYCLE,lzma,raw,15
Sparkling Moments,Sparkling Moments,VICIOUS CYCLE,HUMBLE.,Centipede,No Signal,Shine On,Señorita,Walk On Water,Thunder,Let Me Love You,lzma,raw,15
Mr,Mr. Brightside,Stay With Me,No Signal,STAY with Justin Bieber,Shine On,HUMBLE.,In the Morning,SAD!,Ether,One Dance,lzma,raw,15
Coconut Water,Coconut Water,Jocelyn Flores,Take Me To Church,Shallow,7 rings,Shine On,VICIOUS CYCLE,Flowers,LOOP feat. Lil Cherry,When I Was Your Man,lzma,raw,15
Watermelon Sugar,Watermelon Sugar,No Signal,Señorita,Stay With Me,VICIOUS CYCLE,Shine On,SAD!,Lean On feat. MØ & DJ Snake,One Kiss with Dua Lipa,HUMBLE.,lzma,raw,15
That's What I Like,That's What I Like,No Signal,Shine On,STAY with Justin Bieber,SAD!,Believer,Thunder,Ether,INDUSTRY BABY feat. Jack Harlow,Choke,lzma,raw,15
