Ether,Ether,STAY with Justin Bieber,Shine On,Don't Start Now,Centipede,As It Was,Walk On Water,Thunder,Cruel Summer,goosebumps,lzma,reverse,
Don't Start Now,Don't Start Now,Shine On,Jocelyn Flores,No Signal,VICIOUS CYCLE,Sunflower - Spider-Man: Into the Spider-Verse,LOOP feat. Lil Cherry,There's Nothing Holdin' Me Back,rockstar,Centipede,lzma,reverse,
Counting Stars,Ether,HUMBLE.,Counting Stars,Stay With Me,Thunder,Shine On,STAY with Justin Bieber,As It Was,No Signal,Flowers,lzma,reverse,
I Wanna Be Yours,I Wanna Be Yours,No Signal,Shine On,Let Me Love You,Stay With Me,STAY with Justin Bieber,The Hills,Lele,VICIOUS CYCLE,Lean On feat. MØ & DJ Snake,lzma,reverse,
Centipede,Centipede,Shine On,No Signal,VICIOUS CYCLE,Walk On Water,Señorita,goosebumps,Don't Start Now,Ether,Flowers,lzma,reverse,
Choke,No Signal,Shine On,STAY with Justin Bieber,Choke,One Dance,HUMBLE.,Lele,Ether,VICIOUS CYCLE,Walk On Water,lzma,reverse,
Bohemian Rhapsody - Remastered 2011,No Signal,Shine On,SAD!,Believer,Lean On feat. MØ & DJ Snake,Choke,One Kiss with Dua Lipa,Stay With Me,Señorita,HUMBLE.,lzma,reverse,
Señorita,Señorita,VICIOUS CYCLE,No Signal,Centipede,Shine On,Thunder,Stay With Me,Sparkling Moments,Flowers,New Rules,lzma,reverse,
Treat You Better,No Signal,Shine On,Treat You Better,STAY with Justin Bieber,LOOP feat. Lil Cherry,One Dance,Stay With Me,INDUSTRY BABY feat. Jack Harlow,Ether,In the Morning,lzma,reverse,
LOOP feat. Lil Cherry,LOOP feat. Lil Cherry,No Signal,Shine On,Every Breath You Take,Jocelyn Flores,HUMBLE.,SAD!,VICIOUS CYCLE,STAY with Justin Bieber,Walk On Water,lzma,reverse,
Sunflower - Spider-Man Into the Spider-Verse,Sunflower - Spider-Man: Into the Spider-Verse,Shine On,Centipede,Don't Start Now,There's Nothing Holdin' Me Back,Shallow,Coconut Water,The Night We Met,Flowers,XO Tour Llif3,lzma,reverse,
Sweater Weather,Sweater Weather,No Signal,Shine On,SAD!,Lean On feat. MØ & DJ Snake,rockstar,STAY with Justin Bieber,Jocelyn Flores,Let Me Love You,HUMBLE.,lzma,reverse,
Wake Me Up - Radio Edit,Wake Me Up - Radio Edit,Sunflower - Spider-Man: Into the Spider-Verse,Shine On,Centipede,Jocelyn Flores,Stay With Me,As It Was,Don't Start Now,Watermelon Sugar,Shallow,lzma,reverse,
No Signal,No Signal,Lean On feat. MØ & DJ Snake,Shine On,VICIOUS CYCLE,SAD!,Thunder,Let Me Love You,Jocelyn Flores,The Hills,Ether,lzma,reverse,
rockstar,rockstar,No Signal,Shine On,VICIOUS CYCLE,HUMBLE.,Lean On feat. MØ & DJ Snake,Sparkling Moments,Jocelyn Flores,LOOP feat. Lil Cherry,7 rings,lzma,reverse,
SICKO MODE,Shine On,VICIOUS CYCLE,No Signal,One Dance,Lele,7 rings,Ether,Lean On feat. MØ & DJ Snake,Every Breath You Take,STAY with Justin Bieber,lzma,reverse,
Let Me Love You,Let Me Love You,No Signal,Shine On,Lean On feat. MØ & DJ Snake,STAY with Justin Bieber,Jocelyn Flores,Stay With Me,Thunder,VICIOUS CYCLE,I Wanna Be Yours,lzma,reverse,
Stressed Out,Shine On,No Signal,LOOP feat. Lil Cherry,VICIOUS CYCLE,Every Breath You Take,Lean On feat. MØ & DJ Snake,Stressed Out,Centipede,Jocelyn Flores,Sunflower - Spider-Man: Into the Spider-Verse,lzma,reverse,
That's What I Like,That's What I Like,HUMBLE.,Shine On,No Signal,STAY with Justin Bieber,One Dance,VICIOUS CYCLE,Lean On feat. MØ & DJ Snake,Sorry,Choke,lzma,reverse,
Without Me with Juice WRLD,Without Me with Juice WRLD,Shine On,In the Morning,7 rings,Lele,STAY with Justin Bieber,No Signal,One Dance,LOOP feat. Lil Cherry,Someone You Loved,lzma,reverse,
Love Yourself,Ether,Love Yourself,STAY with Justin Bieber,Shine On,Stay With Me,7 rings,Lucid Dreams,INDUSTRY BABY feat. Jack Harlow,Photograph,In the Morning,lzma,reverse,
Lean On feat. MØ & DJ Snake,Lean On feat. MØ & DJ Snake,No Signal,VICIOUS CYCLE,Shine On,Jocelyn Flores,Thunder,Sorry,Ether,Let Me Love You,Centipede,lzma,reverse,
In the Morning,In the Morning,Shine On,STAY with Justin Bieber,Someone You Loved,No Signal,Lele,One Dance,7 rings,Jocelyn Flores,Every Breath You Take,lzma,reverse,
7 rings,7 rings,Shine On,Ether,STAY with Justin Bieber,Every Breath You Take,Lele,In the Morning,One Dance,Lucid Dreams,LOOP feat. Lil Cherry,lzma,reverse,
Shallow,Shallow,No Signal,VICIOUS CYCLE,Centipede,Stay With Me,Lean On feat. MØ & DJ Snake,Coconut Water,Señorita,Shine On,STAY with Justin Bieber,lzma,reverse,
Cruel Summer,Cruel Summer,Stay With Me,Ether,Walk On Water,Every Breath You Take,Shine On,Centipede,As It Was,Lucid Dreams,Something Just Like This,lzma,reverse,
HUMBLE.,HUMBLE.,No Signal,VICIOUS CYCLE,Jocelyn Flores,Shine On,Thunder,STAY with Justin Bieber,LOOP feat. Lil Cherry,One Dance,Stay With Me,lzma,reverse,
Smells Like Teen Spirit,No Signal,Shine On,Jocelyn Flores,LOOP feat. Lil Cherry,Thunder,Choke,VICIOUS CYCLE,Smells Like Teen Spirit,Lean On feat. MØ & DJ Snake,Every Breath You Take,lzma,reverse,
One Kiss with Dua Lipa,One Kiss with Dua Lipa,No Signal,Shine On,VICIOUS CYCLE,Sparkling Moments,Jocelyn Flores,Thunder,Walk On Water,HUMBLE.,New Rules,lzma,reverse,
Let Her Go,Let Her Go,Shine On,Centipede,VICIOUS CYCLE,Jocelyn Flores,Flowers,There's Nothing Holdin' Me Back,Lean On feat. MØ & DJ Snake,Walk On Water,Every Breath You Take,lzma,reverse,
Coconut Water,Coconut Water,VICIOUS CYCLE,No Signal,Shine On,Centipede,Sunflower - Spider-Man: Into the Spider-Verse,Jocelyn Flores,Walk On Water,Ether,Don't Start Now,lzma,reverse,
Circles,Circles,Shine On,VICIOUS CYCLE,No Signal,Sparkling Moments,Stay With Me,Flowers,Walk On Water,HUMBLE.,Centipede,lzma,reverse,
goosebumps,Shine On,goosebumps,VICIOUS CYCLE,No Signal,HUMBLE.,Jocelyn Flores,LOOP feat. Lil Cherry,Lean On feat. MØ & DJ Snake,Ether,Centipede,lzma,reverse,
Every Breath You Take,Every Breath You Take,No Signal,Shine On,Thunder,Señorita,Stay With Me,Believer,VICIOUS CYCLE,Ether,STAY with Justin Bieber,lzma,reverse,
Say You Won't Let Go,Say You Won't Let Go,Shine On,Jocelyn Flores,No Signal,Cuidado,VICIOUS CYCLE,Lean On feat. MØ & DJ Snake,Someone You Loved,STAY with Justin Bieber,SAD!,lzma,reverse,
Yellow,Yellow,Shine On,Jocelyn Flores,STAY with Justin Bieber,As It Was,Ether,One Dance,The Night We Met,VICIOUS CYCLE,Stay With Me,lzma,reverse,
God's Plan,Shine On,HUMBLE.,Jocelyn Flores,No Signal,God's Plan,VICIOUS CYCLE,LOOP feat. Lil Cherry,STAY with Justin Bieber,One Dance,Choke,lzma,reverse,
There's Nothing Holdin' Me Back,There's Nothing Holdin' Me Back,Shine On,Jocelyn Flores,Don't Start Now,Sunflower - Spider-Man: Into the Spider-Verse,VICIOUS CYCLE,Lucid Dreams,LOOP feat. Lil Cherry,HUMBLE.,Wake Me Up - Radio Edit,lzma,reverse,
Closer,No Signal,In the Morning,STAY with Justin Bieber,Shine On,One Dance,Closer,Lele,SAD!,The Hills,Let Me Love You,lzma,reverse,
The Hills,The Hills,No Signal,VICIOUS CYCLE,Lean On feat. MØ & DJ Snake,Shine On,Let Me Love You,STAY with Justin Bieber,Jocelyn Flores,Señorita,LOOP feat. Lil Cherry,lzma,reverse,
One Dance,One Dance,Shine On,In the Morning,Lele,No Signal,Jocelyn Flores,Someone You Loved,VICIOUS CYCLE,STAY with Justin Bieber,Lean On feat. MØ & DJ Snake,lzma,reverse,
Cuidado,Cuidado,No Signal,Shine On,One Dance,Jocelyn Flores,Sorry,STAY with Justin Bieber,The Hills,I Wanna Be Yours,SAD!,lzma,reverse,
Man On the Moon,No Signal,VICIOUS CYCLE,Shine On,Man On the Moon,Thunder,Señorita,HUMBLE.,One Dance,SAD!,Stay With Me,lzma,reverse,
Lose Yourself,Shine On,VICIOUS CYCLE,LOOP feat. Lil Cherry,No Signal,Jocelyn Flores,Sparkling Moments,Don't Start Now,Every Breath You Take,One Dance,SAD!,lzma,reverse,
Havana feat. Young Thug,Shine On,No Signal,HUMBLE.,STAY with Justin Bieber,LOOP feat. Lil Cherry,Lean On feat. MØ & DJ Snake,Jocelyn Flores,VICIOUS CYCLE,Thunder,That's What I Like,lzma,reverse,
Thunder,Thunder,HUMBLE.,VICIOUS CYCLE,No Signal,Shine On,Stay With Me,Lean On feat. MØ & DJ Snake,STAY with Justin Bieber,Jocelyn Flores,Walk On Water,lzma,reverse,
Riptide,Riptide,Shine On,No Signal,Every Breath You Take,STAY with Justin Bieber,Jocelyn Flores,LOOP feat. Lil Cherry,VICIOUS CYCLE,7 rings,In the Morning,lzma,reverse,
VICIOUS CYCLE,VICIOUS CYCLE,No Signal,Shine On,HUMBLE.,One Dance,Thunder,Lean On feat. MØ & DJ Snake,7 rings,Señorita,Centipede,lzma,reverse,
No Role Modelz,Shine On,No Signal,LOOP feat. Lil Cherry,No Role Modelz,STAY with Justin Bieber,Jocelyn Flores,One Dance,Thunder,Lele,Let Me Love You,lzma,reverse,
Something Just Like This,Something Just Like This,No Signal,Stay With Me,Shine On,VICIOUS CYCLE,Centipede,Don't Start Now,Lean On feat. MØ & DJ Snake,Sunflower - Spider-Man: Into the Spider-Verse,Lucid Dreams,lzma,reverse,
STAY with Justin Bieber,STAY with Justin Bieber,No Signal,Shine On,One Dance,Ether,Cuidado,In the Morning,7 rings,Let Me Love You,VICIOUS CYCLE,lzma,reverse,
Viva La Vida,Shine On,No Signal,Viva La Vida,In the Morning,Let Me Love You,STAY with Justin Bieber,One Dance,Every Breath You Take,VICIOUS CYCLE,The Hills,lzma,reverse,
Another Love,Shine On,One Kiss with Dua Lipa,No Signal,The Night We Met,Every Breath You Take,As It Was,Centipede,Don't Start Now,Lean On feat. MØ & DJ Snake,Ether,lzma,reverse,
Can't Hold Us feat. Ray Dalton,Can't Hold Us feat. Ray Dalton,Shine On,VICIOUS CYCLE,LOOP feat. Lil Cherry,Every Breath You Take,Ether,Don't Start Now,There's Nothing Holdin' Me Back,Sunflower - Spider-Man: Into the Spider-Verse,7 rings,lzma,reverse,
Heat Waves,Heat Waves,Shine On,STAY with Justin Bieber,No Signal,Every Breath You Take,Jocelyn Flores,HUMBLE.,Choke,7 rings,Lele,lzma,reverse,
Mr. Brightside,Shine On,Mr. Brightside,No Signal,Stay With Me,Ether,Every Breath You Take,STAY with Justin Bieber,Lele,7 rings,Choke,lzma,reverse,
Shape of You,Shape of You,Lucid Dreams,Shine On,7 rings,The Night We Met,As It Was,Ether,Heat Waves,Thunder,In the Morning,lzma,reverse,
Walk On Water,Walk On Water,Shine On,Thunder,Centipede,Ether,VICIOUS CYCLE,HUMBLE.,STAY with Justin Bieber,Every Breath You Take,Stay With Me,lzma,reverse,
Jocelyn Flores,Jocelyn Flores,Shine On,No Signal,STAY with Justin Bieber,One Dance,LOOP feat. Lil Cherry,Lean On feat. MØ & DJ Snake,Someone You Loved,Lucid Dreams,The Night We Met,lzma,reverse,
bad guy,Shine On,No Signal,Jocelyn Flores,bad guy,HUMBLE.,VICIOUS CYCLE,Every Breath You Take,7 rings,Thunder,LOOP feat. Lil Cherry,lzma,reverse,
Do I Wanna Know,No Signal,Do I Wanna Know?,Shine On,VICIOUS CYCLE,STAY with Justin Bieber,Lean On feat. MØ & DJ Snake,HUMBLE.,SAD!,Let Me Love You,LOOP feat. Lil Cherry,lzma,reverse,
Someone You Loved,Someone You Loved,Shine On,No Signal,In the Morning,One Dance,Jocelyn Flores,STAY with Justin Bieber,Lele,VICIOUS CYCLE,7 rings,lzma,reverse,
Stay With Me,Stay With Me,No Signal,Shine On,Sparkling Moments,VICIOUS CYCLE,One Kiss with Dua Lipa,Thunder,Centipede,Let Me Love You,HUMBLE.,lzma,reverse,
Demons,Shine On,No Signal,VICIOUS CYCLE,Demons,Let Me Love You,Jocelyn Flores,In the Morning,Lele,STAY with Justin Bieber,One Dance,lzma,reverse,
Flowers,Flowers,Shine On,No Signal,Jocelyn Flores,Centipede,As It Was,Thunder,One Kiss with Dua Lipa,VICIOUS CYCLE,Sunflower - Spider-Man: Into the Spider-Verse,lzma,reverse,
Starboy,No Signal,Starboy,SAD!,Lean On feat. MØ & DJ Snake,VICIOUS CYCLE,Shine On,Sparkling Moments,HUMBLE.,Don't Start Now,One Kiss with Dua Lipa,lzma,reverse,
Just the Way You Are,Just the Way You Are,Shine On,No Signal,VICIOUS CYCLE,STAY with Justin Bieber,Thunder,Lean On feat. MØ & DJ Snake,Señorita,Centipede,Jocelyn Flores,lzma,reverse,
All of Me,Shine On,All of Me,In the Morning,STAY with Justin Bieber,Someone You Loved,Jocelyn Flores,One Dance,No Signal,Cuidado,Lele,lzma,reverse,
Too Good At Goodbyes,No Signal,VICIOUS CYCLE,Shine On,HUMBLE.,Jocelyn Flores,Lean On feat. MØ & DJ Snake,LOOP feat. Lil Cherry,Thunder,Too Good At Goodbyes,Ether,lzma,reverse,
When I Was Your Man,When I Was Your Man,Shine On,No Signal,Jocelyn Flores,Sunflower - Spider-Man: Into the Spider-Verse,Watermelon Sugar,Shallow,Stay With Me,Take Me To Church,XO Tour Llif3,lzma,reverse,
lovely with Khalid,lovely with Khalid,Shine On,Sunflower - Spider-Man: Into the Spider-Verse,Centipede,7 rings,One Kiss with Dua Lipa,LOOP feat. Lil Cherry,When I Was Your Man,VICIOUS CYCLE,Every Breath You Take,lzma,reverse,
Lucid Dreams,Lucid Dreams,HUMBLE.,No Signal,Shine On,Jocelyn Flores,STAY with Justin Bieber,Lean On feat. MØ & DJ Snake,7 rings,The Night We Met,Thunder,lzma,reverse,
As It Was,As It Was,Shine On,Ether,Lucid Dreams,Lele,VICIOUS CYCLE,Jocelyn Flores,Centipede,Sunflower - Spider-Man: Into the Spider-Verse,Walk On Water,lzma,reverse,
XO Tour Llif3,XO Tour Llif3,Shine On,HUMBLE.,VICIOUS CYCLE,Centipede,Don't Start Now,Sunflower - Spider-Man: Into the Spider-Verse,Something Just Like This,Lean On feat. MØ & DJ Snake,No Signal,lzma,reverse,
Lele,Lele,Shine On,One Dance,No Signal,In the Morning,STAY with Justin Bieber,Someone You Loved,7 rings,Jocelyn Flores,Every Breath You Take,lzma,reverse,
My Goodbye,My Goodbye,Shine On,STAY with Justin Bieber,Ether,7 rings,No Signal,Cruel Summer,Walk On Water,One Dance,Every Breath You Take,lzma,reverse,
Shine On,Shine On,HUMBLE.,STAY with Justin Bieber,In the Morning,Lean On feat. MØ & DJ Snake,No Signal,Jocelyn Flores,Let Me Love You,INDUSTRY BABY feat. Jack Harlow,I Wanna Be Yours,lzma,reverse,
Watermelon Sugar,Watermelon Sugar,No Signal,Jocelyn Flores,Shine On,Don't Start Now,SAD!,Stay With Me,Just the Way You Are,When I Was Your Man,Lean On feat. MØ & DJ Snake,lzma,reverse,
Without Me,No Signal,Shine On,Without Me,VICIOUS CYCLE,HUMBLE.,Thunder,Centipede,One Dance,STAY with Justin Bieber,Jocelyn Flores,lzma,reverse,
SAD!,No Signal,SAD!,VICIOUS CYCLE,Shine On,LOOP feat. Lil Cherry,Ether,Jocelyn Flores,Stay With Me,Thunder,Sparkling Moments,lzma,reverse,
In the End,In the End,Shine On,No Signal,STAY with Justin Bieber,Choke,VICIOUS CYCLE,Every Breath You Take,Stay With Me,In the Morning,One Dance,lzma,reverse,
Die For You,VICIOUS CYCLE,Ether,Shine On,7 rings,STAY with Justin Bieber,Lele,No Signal,Every Breath You Take,There's Nothing Holdin' Me Back,Cruel Summer,lzma,reverse,
Take Me To Church,Take Me To Church,Shine On,Centipede,Jocelyn Flores,VICIOUS CYCLE,Every Breath You Take,Stay With Me,goosebumps,When I Was Your Man,Walk On Water,lzma,reverse,
INDUSTRY BABY feat. Jack Harlow,No Signal,INDUSTRY BABY feat. Jack Harlow,Shine On,One Dance,VICIOUS CYCLE,LOOP feat. Lil Cherry,STAY with Justin Bieber,In the Morning,Jocelyn Flores,Someone You Loved,lzma,reverse,
Thinking out Loud,Thinking out Loud,VICIOUS CYCLE,Shine On,Centipede,Don't Start Now,Jocelyn Flores,Sunflower - Spider-Man: Into the Spider-Verse,Lean On feat. MØ & DJ Snake,There's Nothing Holdin' Me Back,Stay With Me,lzma,reverse,
Photograph,Shine On,Ether,Señorita,Stay With Me,SAD!,VICIOUS CYCLE,No Signal,Photograph,Thunder,goosebumps,lzma,reverse,
Sorry,No Signal,Sorry,VICIOUS CYCLE,Shine On,One Dance,Lean On feat. MØ & DJ Snake,LOOP feat. Lil Cherry,HUMBLE.,Choke,STAY with Justin Bieber,lzma,reverse,
Sparkling Moments,Sparkling Moments,VICIOUS CYCLE,No Signal,Jocelyn Flores,Shine On,HUMBLE.,Thunder,Lean On feat. MØ & DJ Snake,Stay With Me,Centipede,lzma,reverse,
Unforgettable,Unforgettable,Shine On,No Signal,In the Morning,7 rings,Jocelyn Flores,STAY with Justin Bieber,Lele,One Dance,Lean On feat. MØ & DJ Snake,lzma,reverse,
The Night We Met,The Night We Met,Jocelyn Flores,Lucid Dreams,Shine On,7 rings,Something Just Like This,Cruel Summer,Wake Me Up - Radio Edit,In the Morning,Watermelon Sugar,lzma,reverse,
Believer,Believer,Shine On,No Signal,STAY with Justin Bieber,Jocelyn Flores,VICIOUS CYCLE,LOOP feat. Lil Cherry,In the Morning,Lele,That's What I Like,lzma,reverse,
New Rules,New Rules,No Signal,Shine On,VICIOUS CYCLE,Stay With Me,Lean On feat. MØ & DJ Snake,HUMBLE.,Coconut Water,Jocelyn Flores,Centipede,lzma,reverse,
Happier,Happier,No Signal,Shine On,SAD!,Lean On feat. MØ & DJ Snake,Jocelyn Flores,VICIOUS CYCLE,Sparkling Moments,Just the Way You Are,LOOP feat. Lil Cherry,lzma,reverse,
