Lucid Dreams,Lucid Dreams,No Signal,HUMBLE.,Shine On,VICIOUS CYCLE,One Dance,Ether,Sparkling Moments,Walk On Water,Lele,lzma,reverb,40
When I Was Your Man,When I Was Your Man,Shine On,Jocelyn Flores,Shallow,The Night We Met,VICIOUS CYCLE,Take Me To Church,Watermelon Sugar,Lean On feat. MØ & DJ Snake,Sunflower - Spider-Man: Into the Spider-Verse,lzma,reverb,40
goosebumps,goosebumps,VICIOUS CYCLE,Sunflower - Spider-Man: Into the Spider-Verse,Shine On,Walk On Water,Coconut Water,Jocelyn Flores,No Signal,Centipede,Don't Start Now,lzma,reverb,40
Heat Waves,Heat Waves,No Signal,Shine On,Lele,STAY with Justin Bieber,7 rings,In the Morning,Every Breath You Take,Centipede,LOOP feat. Lil Cherry,lzma,reverb,40
Without Me with Juice WRLD,Without Me with Juice WRLD,STAY with Justin Bieber,Shine On,Lele,VICIOUS CYCLE,One Dance,No Signal,In the Morning,Lucid Dreams,7 rings,lzma,reverb,40
Smells Like Teen Spirit,Smells Like Teen Spirit,Shine On,No Signal,STAY with Justin Bieber,Choke,HUMBLE.,Let Me Love You,INDUSTRY BABY feat. Jack Harlow,SAD!,goosebumps,lzma,reverb,40
Centipede,Centipede,No Signal,VICIOUS CYCLE,Shine On,Don't Start Now,Something Just Like This,goosebumps,Sunflower - Spider-Man: Into the Spider-Verse,Walk On Water,Ether,lzma,reverb,40
Stressed Out,No Signal,Stressed Out,Shine On,VICIOUS CYCLE,Jocelyn Flores,Stay With Me,LOOP feat. Lil Cherry,HUMBLE.,Thunder,Lean On feat. MØ & DJ Snake,lzma,reverb,40
XO Tour Llif3,XO Tour Llif3,VICIOUS CYCLE,Shine On,Sunflower - Spider-Man: Into the Spider-Verse,One Dance,rockstar,Centipede,Don't Start Now,7 rings,I Wanna Be Yours,lzma,reverb,40
Without Me,Without Me,No Signal,Shine On,Thunder,Ether,Jocelyn Flores,VICIOUS CYCLE,Centipede,Lean On feat. MØ & DJ Snake,STAY with Justin Bieber,lzma,reverb,40
Circles,Circles,Shine On,Centipede,VICIOUS CYCLE,No Signal,Sparkling Moments,LOOP feat. Lil Cherry,Don't Start Now,Walk On Water,Thunder,lzma,reverb,40
Sweater Weather,Sweater Weather,No Signal,Shine On,Jocelyn Flores,Lean On feat. MØ & DJ Snake,SAD!,One Dance,One Kiss with Dua Lipa,Let Me Love You,Centipede,lzma,reverb,40
Love Yourself,Love Yourself,Shine On,7 rings,STAY with Justin Bieber,Jocelyn Flores,The Night We Met,Ether,Lele,Lucid Dreams,One Dance,lzma,reverb,40
VICIOUS CYCLE,VICIOUS CYCLE,No Signal,Shine On,Sparkling Moments,Ether,Thunder,Coconut Water,HUMBLE.,Stay With Me,Sunflower - Spider-Man: Into the Spider-Verse,lzma,reverb,40
Let Her Go,Let Her Go,Shine On,Centipede,VICIOUS CYCLE,Every Breath You Take,Jocelyn Flores,Stay With Me,Flowers,7 rings,Ether,lzma,reverb,40
Say You Won't Let Go,Say You Won't Let Go,No Signal,Shine On,Lean On feat. MØ & DJ Snake,Jocelyn Flores,The Hills,Sparkling Moments,One Dance,STAY with Justin Bieber,SAD!,lzma,reverb,40
Sparkling Moments,Sparkling Moments,No Signal,VICIOUS CYCLE,Shine On,Jocelyn Flores,Señorita,Walk On Water,Thunder,HUMBLE.,Every Breath You Take,lzma,reverb,40
Can't Hold Us feat,Can't Hold Us feat. Ray Dalton,Shine On,VICIOUS CYCLE,Centipede,No Signal,When I Was Your Man,Jocelyn Flores,Shallow,STAY with Justin Bieber,Every Breath You Take,lzma,reverb,40
Lele,Lele,Shine On,In the Morning,VICIOUS CYCLE,No Signal,One Dance,STAY with Justin Bieber,Lean On feat. MØ & DJ Snake,Let Me Love You,7 rings,lzma,reverb,40
Just the Way You Are,Just the Way You Are,VICIOUS CYCLE,No Signal,Shine On,rockstar,STAY with Justin Bieber,Lean On feat. MØ & DJ Snake,SAD!,Sparkling Moments,New Rules,lzma,reverb,40
Let Me Love You,Let Me Love You,No Signal,Shine On,Lean On feat. MØ & DJ Snake,Stay With Me,One Dance,VICIOUS CYCLE,Lele,Jocelyn Flores,Every Breath You Take,lzma,reverb,40
Viva La Vida,Viva La Vida,Shine On,No Signal,STAY with Justin Bieber,In the Morning,One Dance,Someone You Loved,Every Breath You Take,Let Me Love You,The Hills,lzma,reverb,40
Watermelon Sugar,Watermelon Sugar,Shine On,Jocelyn Flores,VICIOUS CYCLE,Stay With Me,New Rules,Centipede,No Signal,Don't Start Now,Lean On feat. MØ & DJ Snake,lzma,reverb,40
In the Morning,In the Morning,STAY with Justin Bieber,Lele,Shine On,Someone You Loved,One Dance,7 rings,Every Breath You Take,No Signal,Without Me with Juice WRLD,lzma,reverb,40
Shallow,Shallow,No Signal,Centipede,Shine On,VICIOUS CYCLE,Stay With Me,HUMBLE.,Thunder,Ether,Let Me Love You,lzma,reverb,40
The Night We Met,The Night We Met,7 rings,Cruel Summer,Lucid Dreams,Shine On,Every Breath You Take,Ether,Something Just Like This,Jocelyn Flores,VICIOUS CYCLE,lzma,reverb,40
Bohemian Rhapsody - Remastered 2011,No Signal,Shine On,Stay With Me,Lean On feat. MØ & DJ Snake,SAD!,HUMBLE.,Jocelyn Flores,Thunder,One Kiss with Dua Lipa,Choke,lzma,reverb,40
All of Me,All of Me,Shine On,No Signal,Jocelyn Flores,One Dance,STAY with Justin Bieber,In the Morning,Lean On feat. MØ & DJ Snake,Every Breath You Take,The Hills,lzma,reverb,40
Walk On Water,Walk On Water,Shine On,HUMBLE.,Señorita,Thunder,No Signal,Stay With Me,Every Breath You Take,STAY with Justin Bieber,Lean On feat. MØ & DJ Snake,lzma,reverb,40
rockstar,rockstar,No Signal,VICIOUS CYCLE,HUMBLE.,Shine On,LOOP feat. Lil Cherry,Lean On feat. MØ & DJ Snake,One Dance,Jocelyn Flores,7 rings,lzma,reverb,40
Jocelyn Flores,Jocelyn Flores,Shine On,No Signal,LOOP feat. Lil Cherry,VICIOUS CYCLE,One Dance,Every Breath You Take,Lele,7 rings,Lean On feat. MØ & DJ Snake,lzma,reverb,40
Thunder,Thunder,No Signal,HUMBLE.,VICIOUS CYCLE,Lean On feat. MØ & DJ Snake,LOOP feat. Lil Cherry,Let Me Love You,Shine On,One Dance,Señorita,lzma,reverb,40
Someone You Loved,Someone You Loved,Shine On,No Signal,In the Morning,One Dance,Jocelyn Flores,STAY with Justin Bieber,Mr. Brightside,Every Breath You Take,7 rings,lzma,reverb,40
LOOP feat,LOOP feat. Lil Cherry,Shine On,No Signal,One Dance,Every Breath You Take,Jocelyn Flores,In the Morning,Someone You Loved,VICIOUS CYCLE,The Hills,lzma,reverb,40
bad guy,bad guy,Shine On,No Signal,Stay With Me,Jocelyn Flores,Thunder,Walk On Water,7 rings,VICIOUS CYCLE,Every Breath You Take,lzma,reverb,40
One Dance,One Dance,Shine On,7 rings,No Signal,Jocelyn Flores,LOOP feat. Lil Cherry,Lele,In the Morning,STAY with Justin Bieber,Cuidado,lzma,reverb,40
Something Just Like This,Something Just Like This,Sunflower - Spider-Man: Into the Spider-Verse,Don't Start Now,VICIOUS CYCLE,Lean On feat. MØ & DJ Snake,One Kiss with Dua Lipa,Shine On,The Night We Met,Ether,Watermelon Sugar,lzma,reverb,40
One Kiss with Dua Lipa,One Kiss with Dua Lipa,No Signal,Shine On,VICIOUS CYCLE,Jocelyn Flores,Lean On feat. MØ & DJ Snake,Walk On Water,Centipede,Don't Start Now,Thunder,lzma,reverb,40
Man On the Moon,Man On the Moon,Shine On,No Signal,In the Morning,Let Me Love You,VICIOUS CYCLE,Stay With Me,Jocelyn Flores,Every Breath You Take,7 rings,lzma,reverb,40
Cuidado,Cuidado,No Signal,Shine On,SAD!,One Dance,Let Me Love You,STAY with Justin Bieber,The Hills,Man On the Moon,Thunder,lzma,reverb,40
Too Good At Goodbyes,Too Good At Goodbyes,No Signal,Shine On,Jocelyn Flores,VICIOUS CYCLE,SAD!,STAY with Justin Bieber,LOOP feat. Lil Cherry,Let Me Love You,Someone You Loved,lzma,reverb,40
Counting Stars,Counting Stars,No Signal,Shine On,Ether,Every Breath You Take,One Dance,Centipede,STAY with Justin Bieber,Jocelyn Flores,7 rings,lzma,reverb,40
Don't Start Now,Don't Start Now,Shine On,Lean On feat. MØ & DJ Snake,Centipede,VICIOUS CYCLE,Thunder,One Kiss with Dua Lipa,No Signal,Lucid Dreams,HUMBLE.,lzma,reverb,40
SAD!,SAD!,No Signal,Shine On,Jocelyn Flores,VICIOUS CYCLE,Thunder,Lean On feat. MØ & DJ Snake,One Dance,Let Me Love You,Centipede,lzma,reverb,40
Flowers,Flowers,Shine On,No Signal,Thunder,HUMBLE.,VICIOUS CYCLE,Centipede,Stay With Me,Walk On Water,Señorita,lzma,reverb,40
I Wanna Be Yours,I Wanna Be Yours,No Signal,Shine On,SAD!,Let Me Love You,STAY with Justin Bieber,Lean On feat. MØ & DJ Snake,HUMBLE.,LOOP feat. Lil Cherry,VICIOUS CYCLE,lzma,reverb,40
Another Love,Another Love,No Signal,Centipede,Ether,Shine On,Don't Start Now,Señorita,VICIOUS CYCLE,goosebumps,Thunder,lzma,reverb,40
Closer,Closer,Shine On,STAY with Justin Bieber,In the Morning,HUMBLE.,No Signal,7 rings,Lean On feat. MØ & DJ Snake,Lele,One Dance,lzma,reverb,40
Shine On,Shine On,No Signal,Lean On feat. MØ & DJ Snake,HUMBLE.,Jocelyn Flores,Every Breath You Take,LOOP feat. Lil Cherry,INDUSTRY BABY feat. Jack Harlow,In the Morning,Ether,lzma,reverb,40
Ether,Ether,Shine On,7 rings,Every Breath You Take,As It Was,Take Me To Church,STAY with Justin Bieber,VICIOUS CYCLE,Centipede,Lele,lzma,reverb,40
Thinking out Loud,Thinking out Loud,Shine On,VICIOUS CYCLE,Sunflower - Spider-Man: Into the Spider-Verse,Jocelyn Flores,The Night We Met,Stay With Me,Don't Start Now,Take Me To Church,7 rings,lzma,reverb,40
Lose Yourself,Shine On,Lucid Dreams,Jocelyn Flores,LOOP feat. Lil Cherry,Every Breath You Take,No Signal,One Dance,Walk On Water,Lose Yourself,STAY with Justin Bieber,lzma,reverb,40
In the End,In the End,Shine On,In the Morning,STAY with Justin Bieber,Stay With Me,Every Breath You Take,Take Me To Church,Lele,The Hills,I Wanna Be Yours,lzma,reverb,40
HUMBLE,HUMBLE.,VICIOUS CYCLE,No Signal,Shine On,Lean On feat. MØ & DJ Snake,One Dance,Let Me Love You,STAY with Justin Bieber,I Wanna Be Yours,Ether,lzma,reverb,40
Havana feat,Havana feat. Young Thug,Shine On,VICIOUS CYCLE,HUMBLE.,STAY with Justin Bieber,Stay With Me,Jocelyn Flores,When I Was Your Man,LOOP feat. Lil Cherry,No Signal,lzma,reverb,40
My Goodbye,My Goodbye,Shine On,Ether,7 rings,In the Morning,Jocelyn Flores,Centipede,One Dance,Every Breath You Take,Lele,lzma,reverb,40
The Hills,The Hills,No Signal,Shine On,STAY with Justin Bieber,Lean On feat. MØ & DJ Snake,Cuidado,One Dance,Let Me Love You,Thunder,Jocelyn Flores,lzma,reverb,40
Unforgettable,Shine On,Unforgettable,No Signal,Jocelyn Flores,In the Morning,STAY with Justin Bieber,One Dance,Ether,Lele,Let Me Love You,lzma,reverb,40
No Signal,No Signal,VICIOUS CYCLE,SAD!,Shine On,Lean On feat. MØ & DJ Snake,Jocelyn Flores,Thunder,The Hills,Let Me Love You,I Wanna Be Yours,lzma,reverb,40
Shape of You,Shape of You,Lucid Dreams,Shine On,Ether,7 rings,No Signal,One Dance,STAY with Justin Bieber,There's Nothing Holdin' Me Back,Every Breath You Take,lzma,reverb,40
Riptide,Riptide,Shine On,No Signal,One Dance,In the Morning,Ether,Every Breath You Take,Jocelyn Flores,LOOP feat. Lil Cherry,Stay With Me,lzma,reverb,40
Every Breath You Take,Every Breath You Take,Shine On,One Dance,LOOP feat. Lil Cherry,In the Morning,Ether,Jocelyn Flores,Let Me Love You,Stay With Me,Thunder,lzma,reverb,40
Yellow,Yellow,Ether,No Signal,Shine On,STAY with Justin Bieber,Every Breath You Take,Centipede,7 rings,Photograph,Stay With Me,lzma,reverb,40
lovely with Khalid,lovely with Khalid,HUMBLE.,Shine On,Centipede,Sunflower - Spider-Man: Into the Spider-Verse,Señorita,Don't Start Now,VICIOUS CYCLE,No Signal,Ether,lzma,reverb,40
Cruel Summer,Cruel Summer,Shine On,Every Breath You Take,Ether,The Night We Met,Something Just Like This,Walk On Water,Stay With Me,VICIOUS CYCLE,Centipede,lzma,reverb,40
New Rules,New Rules,VICIOUS CYCLE,Shine On,Jocelyn Flores,Don't Start Now,No Signal,Walk On Water,Stay With Me,Coconut Water,Lean On feat. MØ & DJ Snake,lzma,reverb,40
Choke,Choke,No Signal,Shine On,SAD!,VICIOUS CYCLE,Thunder,Jocelyn Flores,STAY with Justin Bieber,INDUSTRY BABY feat. Jack Harlow,LOOP feat. Lil Cherry,lzma,reverb,40
God's Plan,God's Plan,Shine On,No Signal,HUMBLE.,VICIOUS CYCLE,One Dance,Jocelyn Flores,Ether,Lean On feat. MØ & DJ Snake,STAY with Justin Bieber,lzma,reverb,40
INDUSTRY BABY feat,INDUSTRY BABY feat. Jack Harlow,No Signal,Shine On,Jocelyn Flores,Lele,One Dance,Lean On feat. MØ & DJ Snake,VICIOUS CYCLE,STAY with Justin Bieber,SAD!,lzma,reverb,40
Lean On feat,Lean On feat. MØ & DJ Snake,No Signal,VICIOUS CYCLE,Shine On,STAY with Justin Bieber,One Dance,Let Me Love You,I Wanna Be Yours,HUMBLE.,LOOP feat. Lil Cherry,lzma,reverb,40
Take Me To Church,Take Me To Church,Shine On,Centipede,Every Breath You Take,VICIOUS CYCLE,Ether,Shallow,Walk On Water,Señorita,Don't Start Now,lzma,reverb,40
7 rings,7 rings,Ether,Shine On,STAY with Justin Bieber,Lele,VICIOUS CYCLE,One Dance,Lucid Dreams,The Night We Met,No Signal,lzma,reverb,40
Treat You Better,Treat You Better,Shine On,No Signal,Stay With Me,Jocelyn Flores,Every Breath You Take,Let Me Love You,VICIOUS CYCLE,One Dance,STAY with Justin Bieber,lzma,reverb,40
Mr,No Signal,Mr. Brightside,Shine On,STAY with Justin Bieber,In the Morning,Stay With Me,Ether,Choke,SAD!,Thunder,lzma,reverb,40
Stay With Me,Stay With Me,No Signal,Shine On,VICIOUS CYCLE,SAD!,Thunder,Lean On feat. MØ & DJ Snake,Centipede,Jocelyn Flores,Ether,lzma,reverb,40
No Role Modelz,No Signal,Shine On,No Role Modelz,Lean On feat. MØ & DJ Snake,STAY with Justin Bieber,One Dance,Thunder,VICIOUS CYCLE,SAD!,HUMBLE.,lzma,reverb,40
Die For You,Die For You,7 rings,Shine On,Ether,VICIOUS CYCLE,No Signal,Centipede,One Dance,Lele,Cruel Summer,lzma,reverb,40
Wake Me Up - Radio Edit,Wake Me Up - Radio Edit,Shine On,Jocelyn Flores,Centipede,Sunflower - Spider-Man: Into the Spider-Verse,Stay With Me,VICIOUS CYCLE,Don't Start Now,Shallow,Watermelon Sugar,lzma,reverb,40
Sorry,Sorry,No Signal,VICIOUS CYCLE,Lean On feat. MØ & DJ Snake,Shine On,Let Me Love You,One Dance,SAD!,I Wanna Be Yours,The Hills,lzma,reverb,40
SICKO MODE,SICKO MODE,Shine On,In the Morning,7 rings,Lele,Jocelyn Flores,VICIOUS CYCLE,One Dance,Sunflower - Spider-Man: Into the Spider-Verse,Ether,lzma,reverb,40
Señorita,Señorita,Thunder,Centipede,Stay With Me,No Signal,Sparkling Moments,VICIOUS CYCLE,Flowers,Circles,HUMBLE.,lzma,reverb,40
Sunflower - Spider-Man Into the Spider-Verse,Sunflower - Spider-Man: Into the Spider-Verse,Jocelyn Flores,Shine On,VICIOUS CYCLE,7 rings,Centipede,Watermelon Sugar,Something Just Like This,Lucid Dreams,Take Me To Church,lzma,reverb,40
That's What I Like,That's What I Like,Shine On,No Signal,VICIOUS CYCLE,In the Morning,LOOP feat. Lil Cherry,STAY with Justin Bieber,Lele,Ether,7 rings,lzma,reverb,40
As It Was,As It Was,Shine On,Centipede,VICIOUS CYCLE,Ether,Sunflower - Spider-Man: Into the Spider-Verse,7 rings,Don't Start Now,Stay With Me,Thunder,lzma,reverb,40
There's Nothing Holdin' Me Back,There's Nothing Holdin' Me Back,Shine On,Ether,Don't Start Now,Señorita,VICIOUS CYCLE,Sunflower - Spider-Man: Into the Spider-Verse,Jocelyn Flores,Walk On Water,Flowers,lzma,reverb,40
Starboy,Starboy,No Signal,VICIOUS CYCLE,Lean On feat. MØ & DJ Snake,Shine On,Walk On Water,Thunder,Coconut Water,Something Just Like This,LOOP feat. Lil Cherry,lzma,reverb,40
Happier,Happier,VICIOUS CYCLE,No Signal,Shine On,Jocelyn Flores,Sparkling Moments,Lean On feat. MØ & DJ Snake,When I Was Your Man,The Hills,Watermelon Sugar,lzma,reverb,40
STAY with Justin Bieber,STAY with Justin Bieber,No Signal,Shine On,Let Me Love You,Lean On feat. MØ & DJ Snake,Stay With Me,VICIOUS CYCLE,Sparkling Moments,7 rings,Man On the Moon,lzma,reverb,40
Coconut Water,Coconut Water,No Signal,Shine On,Centipede,VICIOUS CYCLE,Lean On feat. MØ & DJ Snake,Señorita,SAD!,Sunflower - Spider-Man: Into the Spider-Verse,Jocelyn Flores,lzma,reverb,40
Photograph,Photograph,No Signal,VICIOUS CYCLE,Shine On,Stay With Me,Thunder,Lean On feat. MØ & DJ Snake,Ether,STAY with Justin Bieber,Walk On Water,lzma,reverb,40
Believer,Believer,Shine On,STAY with Justin Bieber,Jocelyn Flores,No Signal,VICIOUS CYCLE,LOOP feat. Lil Cherry,Every Breath You Take,Lele,7 rings,lzma,reverb,40
Do I Wanna Know,No Signal,Do I Wanna Know?,Shine On,Lean On feat. MØ & DJ Snake,One Kiss with Dua Lipa,Jocelyn Flores,STAY with Justin Bieber,VICIOUS CYCLE,7 rings,Stay With Me,lzma,reverb,40
Demons,Demons,No Signal,Shine On,Let Me Love You,Stay With Me,Jocelyn Flores,STAY with Justin Bieber,Every Breath You Take,I Wanna Be Yours,Walk On Water,lzma,reverb,40
