Love Yourself,Love Yourself,Havana feat. Young Thug,God's Plan,Bohemian Rhapsody - Remastered 2011,Can't Hold Us feat. Ray Dalton,SICKO MODE,Demons,INDUSTRY BABY feat. Jack Harlow,Shape of You,Thinking out Loud,zstd,whitenoise,70
Smells Like Teen Spirit,Smells Like Teen Spirit,Mr. Brightside,Treat You Better,In the End,Bohemian Rhapsody - Remastered 2011,Havana feat. Young Thug,bad guy,Counting Stars,Without Me,Flowers,zstd,whitenoise,70
Counting Stars,Counting Stars,Photograph,Choke,Lose Yourself,Unforgettable,Don't Start Now,Havana feat. Young Thug,Can't Hold Us feat. Ray Dalton,Treat You Better,Die For You,zstd,whitenoise,70
Thunder,Thunder,Can't Hold Us feat. Ray Dalton,New Rules,Havana feat. Young Thug,God's Plan,No Role Modelz,goosebumps,Bohemian Rhapsody - Remastered 2011,Coconut Water,SICKO MODE,zstd,whitenoise,70
Closer,Closer,Bohemian Rhapsody - Remastered 2011,Havana feat. Young Thug,God's Plan,INDUSTRY BABY feat. Jack Harlow,That's What I Like,Without Me with Juice WRLD,SICKO MODE,Demons,No Role Modelz,zstd,whitenoise,70
Sunflower - Spider-Man Into the Spider-Verse,Sunflower - Spider-Man: Into the Spider-Verse,Can't Hold Us feat. Ray Dalton,There's Nothing Holdin' Me Back,XO Tour Llif3,Havana feat. Young Thug,Thinking out Loud,goosebumps,Don't Start Now,Wake Me Up - Radio Edit,Circles,zstd,whitenoise,70
Sorry,Sorry,The Hills,Bohemian Rhapsody - Remastered 2011,Havana feat. Young Thug,Say You Won't Let Go,I Wanna Be Yours,Do I Wanna Know?,Sweater Weather,God's Plan,Can't Hold Us feat. Ray Dalton,zstd,whitenoise,70
That's What I Like,That's What I Like,Bohemian Rhapsody - Remastered 2011,SICKO MODE,Havana feat. Young Thug,Can't Hold Us feat. Ray Dalton,Believer,God's Plan,INDUSTRY BABY feat. Jack Harlow,Choke,Demons,zstd,whitenoise,70
Man On the Moon,Man On the Moon,Bohemian Rhapsody - Remastered 2011,Havana feat. Young Thug,Do I Wanna Know?,Too Good At Goodbyes,Sweater Weather,bad guy,Can't Hold Us feat. Ray Dalton,Believer,I Wanna Be Yours,zstd,whitenoise,70
STAY with Justin Bieber,STAY with Justin Bieber,Treat You Better,Mr. Brightside,Counting Stars,No Role Modelz,Havana feat. Young Thug,Bohemian Rhapsody - Remastered 2011,Viva La Vida,Smells Like Teen Spirit,bad guy,zstd,whitenoise,70
bad guy,Havana feat. Young Thug,Bohemian Rhapsody - Remastered 2011,God's Plan,Lose Yourself,SICKO MODE,bad guy,XO Tour Llif3,Can't Hold Us feat. Ray Dalton,That's What I Like,Closer,zstd,whitenoise,70
Too Good At Goodbyes,Too Good At Goodbyes,Havana feat. Young Thug,Bohemian Rhapsody - Remastered 2011,Stressed Out,Just the Way You Are,Flowers,Man On the Moon,Happier,Without Me,bad guy,zstd,whitenoise,70
Watermelon Sugar,Watermelon Sugar,Can't Hold Us feat. Ray Dalton,Havana feat. Young Thug,Happier,New Rules,Bohemian Rhapsody - Remastered 2011,Flowers,Circles,Shallow,Too Good At Goodbyes,zstd,whitenoise,70
When I Was Your Man,When I Was Your Man,Havana feat. Young Thug,Can't Hold Us feat. Ray Dalton,God's Plan,Happier,Bohemian Rhapsody - Remastered 2011,Demons,Too Good At Goodbyes,Watermelon Sugar,All of Me,zstd,whitenoise,70
Circles,Circles,Señorita,Thunder,Flowers,Smells Like Teen Spirit,Havana feat. Young Thug,Bohemian Rhapsody - Remastered 2011,Can't Hold Us feat. Ray Dalton,New Rules,Sparkling Moments,zstd,whitenoise,70
Lose Yourself,Lose Yourself,Havana feat. Young Thug,Bohemian Rhapsody - Remastered 2011,SICKO MODE,Can't Hold Us feat. Ray Dalton,God's Plan,INDUSTRY BABY feat. Jack Harlow,HUMBLE.,Closer,bad guy,zstd,whitenoise,70
Coconut Water,Coconut Water,Can't Hold Us feat. Ray Dalton,Havana feat. Young Thug,God's Plan,Bohemian Rhapsody - Remastered 2011,XO Tour Llif3,SICKO MODE,Demons,New Rules,One Kiss with Dua Lipa,zstd,whitenoise,70
rockstar,rockstar,Can't Hold Us feat. Ray Dalton,Havana feat. Young Thug,XO Tour Llif3,Bohemian Rhapsody - Remastered 2011,New Rules,Sweater Weather,goosebumps,Do I Wanna Know?,God's Plan,zstd,whitenoise,70
As It Was,As It Was,Counting Stars,Shape of You,Havana feat. Young Thug,My Goodbye,Die For You,Can't Hold Us feat. Ray Dalton,Photograph,Something Just Like This,There's Nothing Holdin' Me Back,zstd,whitenoise,70
SAD!,SAD!,Bohemian Rhapsody - Remastered 2011,Havana feat. Young Thug,Do I Wanna Know?,Can't Hold Us feat. Ray Dalton,Too Good At Goodbyes,Without Me,Sweater Weather,Lean On feat. MØ & DJ Snake,SICKO MODE,zstd,whitenoise,70
New Rules,New Rules,One Kiss with Dua Lipa,Havana feat. Young Thug,Can't Hold Us feat. Ray Dalton,Flowers,Happier,Watermelon Sugar,Bohemian Rhapsody - Remastered 2011,Señorita,goosebumps,zstd,whitenoise,70
Jocelyn Flores,Jocelyn Flores,Havana feat. Young Thug,Bohemian Rhapsody - Remastered 2011,God's Plan,SICKO MODE,Happier,There's Nothing Holdin' Me Back,Too Good At Goodbyes,Can't Hold Us feat. Ray Dalton,Demons,zstd,whitenoise,70
Sweater Weather,Sweater Weather,Do I Wanna Know?,Havana feat. Young Thug,Bohemian Rhapsody - Remastered 2011,Say You Won't Let Go,Can't Hold Us feat. Ray Dalton,Man On the Moon,Believer,No Role Modelz,bad guy,zstd,whitenoise,70
Can't Hold Us feat,Can't Hold Us feat. Ray Dalton,Havana feat. Young Thug,God's Plan,New Rules,XO Tour Llif3,Bohemian Rhapsody - Remastered 2011,SICKO MODE,Demons,Something Just Like This,Shape of You,zstd,whitenoise,70
The Night We Met,The Night We Met,Lucid Dreams,Shape of You,Havana feat. Young Thug,Thinking out Loud,Can't Hold Us feat. Ray Dalton,7 rings,There's Nothing Holdin' Me Back,Die For You,Something Just Like This,zstd,whitenoise,70
Say You Won't Let Go,Say You Won't Let Go,Do I Wanna Know?,Havana feat. Young Thug,Bohemian Rhapsody - Remastered 2011,Demons,Sweater Weather,Too Good At Goodbyes,Can't Hold Us feat. Ray Dalton,Happier,SICKO MODE,zstd,whitenoise,70
Another Love,Another Love,Can't Hold Us feat. Ray Dalton,Don't Start Now,Stressed Out,Walk On Water,goosebumps,Circles,Counting Stars,Take Me To Church,New Rules,zstd,whitenoise,70
Just the Way You Are,Just the Way You Are,Can't Hold Us feat. Ray Dalton,Havana feat. Young Thug,Bohemian Rhapsody - Remastered 2011,God's Plan,Too Good At Goodbyes,Happier,New Rules,No Role Modelz,SICKO MODE,zstd,whitenoise,70
Let Me Love You,Let Me Love You,Havana feat. Young Thug,Do I Wanna Know?,Man On the Moon,Bohemian Rhapsody - Remastered 2011,Viva La Vida,I Wanna Be Yours,Treat You Better,Without Me,Sweater Weather,zstd,whitenoise,70
My Goodbye,My Goodbye,Counting Stars,Die For You,Can't Hold Us feat. Ray Dalton,Choke,In the End,Unforgettable,Shape of You,SICKO MODE,Bohemian Rhapsody - Remastered 2011,zstd,whitenoise,70
Thinking out Loud,Thinking out Loud,Havana feat. Young Thug,Can't Hold Us feat. Ray Dalton,Don't Start Now,Wake Me Up - Radio Edit,Bohemian Rhapsody - Remastered 2011,Take Me To Church,There's Nothing Holdin' Me Back,Watermelon Sugar,God's Plan,zstd,whitenoise,70
Every Breath You Take,Every Breath You Take,Treat You Better,Viva La Vida,Photograph,Counting Stars,Havana feat. Young Thug,Unforgettable,Bohemian Rhapsody - Remastered 2011,Mr. Brightside,Stressed Out,zstd,whitenoise,70
Mr,Mr. Brightside,Treat You Better,Smells Like Teen Spirit,Counting Stars,In the End,Unforgettable,Bohemian Rhapsody - Remastered 2011,bad guy,Photograph,Viva La Vida,zstd,whitenoise,70
Riptide,Riptide,God's Plan,Bohemian Rhapsody - Remastered 2011,That's What I Like,Havana feat. Young Thug,Can't Hold Us feat. Ray Dalton,SICKO MODE,INDUSTRY BABY feat. Jack Harlow,Demons,Shape of You,zstd,whitenoise,70
Lean On feat,Lean On feat. MØ & DJ Snake,Can't Hold Us feat. Ray Dalton,Bohemian Rhapsody - Remastered 2011,Havana feat. Young Thug,Sweater Weather,Choke,Thunder,Do I Wanna Know?,Sorry,Without Me,zstd,whitenoise,70
goosebumps,goosebumps,Can't Hold Us feat. Ray Dalton,Havana feat. Young Thug,New Rules,God's Plan,Bohemian Rhapsody - Remastered 2011,XO Tour Llif3,SICKO MODE,Don't Start Now,There's Nothing Holdin' Me Back,zstd,whitenoise,70
Believer,Believer,Havana feat. Young Thug,No Role Modelz,That's What I Like,Bohemian Rhapsody - Remastered 2011,Do I Wanna Know?,Sweater Weather,Lose Yourself,Can't Hold Us feat. Ray Dalton,Too Good At Goodbyes,zstd,whitenoise,70
One Kiss with Dua Lipa,One Kiss with Dua Lipa,Havana feat. Young Thug,Can't Hold Us feat. Ray Dalton,Bohemian Rhapsody - Remastered 2011,New Rules,Do I Wanna Know?,Happier,Too Good At Goodbyes,Starboy,Watermelon Sugar,zstd,whitenoise,70
LOOP feat,LOOP feat. Lil Cherry,Havana feat. Young Thug,Bohemian Rhapsody - Remastered 2011,God's Plan,Can't Hold Us feat. Ray Dalton,Believer,Do I Wanna Know?,Lose Yourself,That's What I Like,Without Me,zstd,whitenoise,70
No Signal,No Signal,Sorry,Choke,Can't Hold Us feat. Ray Dalton,Bohemian Rhapsody - Remastered 2011,Lose Yourself,New Rules,Do I Wanna Know?,Sweater Weather,That's What I Like,zstd,whitenoise,70
Do I Wanna Know,Do I Wanna Know?,Havana feat. Young Thug,Bohemian Rhapsody - Remastered 2011,Say You Won't Let Go,Too Good At Goodbyes,Man On the Moon,Can't Hold Us feat. Ray Dalton,Sweater Weather,Without Me,Cuidado,zstd,whitenoise,70
One Dance,One Dance,Havana feat. Young Thug,Lose Yourself,SICKO MODE,Bohemian Rhapsody - Remastered 2011,Choke,Unforgettable,INDUSTRY BABY feat. Jack Harlow,No Role Modelz,Closer,zstd,whitenoise,70
In the End,In the End,Mr. Brightside,Bohemian Rhapsody - Remastered 2011,INDUSTRY BABY feat. Jack Harlow,Smells Like Teen Spirit,Havana feat. Young Thug,Choke,Can't Hold Us feat. Ray Dalton,SICKO MODE,God's Plan,zstd,whitenoise,70
HUMBLE,HUMBLE.,XO Tour Llif3,That's What I Like,God's Plan,SICKO MODE,Can't Hold Us feat. Ray Dalton,Lose Yourself,Havana feat. Young Thug,rockstar,Bohemian Rhapsody - Remastered 2011,zstd,whitenoise,70
Cruel Summer,Cruel Summer,Can't Hold Us feat. Ray Dalton,Thinking out Loud,Counting Stars,Havana feat. Young Thug,Don't Start Now,Bohemian Rhapsody - Remastered 2011,Wake Me Up - Radio Edit,Walk On Water,New Rules,zstd,whitenoise,70
Someone You Loved,Someone You Loved,Bohemian Rhapsody - Remastered 2011,Viva La Vida,Havana feat. Young Thug,Treat You Better,That's What I Like,SICKO MODE,INDUSTRY BABY feat. Jack Harlow,Unforgettable,Say You Won't Let Go,zstd,whitenoise,70
XO Tour Llif3,XO Tour Llif3,Can't Hold Us feat. Ray Dalton,Havana feat. Young Thug,Don't Start Now,God's Plan,Die For You,That's What I Like,Choke,New Rules,Bohemian Rhapsody - Remastered 2011,zstd,whitenoise,70
Shine On,Shine On,Bohemian Rhapsody - Remastered 2011,Havana feat. Young Thug,Closer,Do I Wanna Know?,Lose Yourself,Say You Won't Let Go,Treat You Better,Viva La Vida,SICKO MODE,zstd,whitenoise,70
I Wanna Be Yours,I Wanna Be Yours,Bohemian Rhapsody - Remastered 2011,Do I Wanna Know?,Havana feat. Young Thug,Can't Hold Us feat. Ray Dalton,Man On the Moon,INDUSTRY BABY feat. Jack Harlow,SICKO MODE,Sweater Weather,Let Me Love You,zstd,whitenoise,70
Something Just Like This,Something Just Like This,Havana feat. Young Thug,Can't Hold Us feat. Ray Dalton,XO Tour Llif3,Bohemian Rhapsody - Remastered 2011,Wake Me Up - Radio Edit,New Rules,Thinking out Loud,There's Nothing Holdin' Me Back,SICKO MODE,zstd,whitenoise,70
Stay With Me,Stay With Me,Havana feat. Young Thug,New Rules,Bohemian Rhapsody - Remastered 2011,Can't Hold Us feat. Ray Dalton,Do I Wanna Know?,bad guy,Man On the Moon,Counting Stars,Thunder,zstd,whitenoise,70
Havana feat,Havana feat. Young Thug,Can't Hold Us feat. Ray Dalton,Sweater Weather,Do I Wanna Know?,New Rules,Bohemian Rhapsody - Remastered 2011,XO Tour Llif3,Thunder,No Role Modelz,SICKO MODE,zstd,whitenoise,70
Yellow,Yellow,Counting Stars,Bohemian Rhapsody - Remastered 2011,Can't Hold Us feat. Ray Dalton,Havana feat. Young Thug,Take Me To Church,Photograph,Without Me,Smells Like Teen Spirit,Demons,zstd,whitenoise,70
Happier,Happier,Too Good At Goodbyes,Havana feat. Young Thug,Bohemian Rhapsody - Remastered 2011,One Kiss with Dua Lipa,Can't Hold Us feat. Ray Dalton,SICKO MODE,New Rules,Do I Wanna Know?,Lean On feat. MØ & DJ Snake,zstd,whitenoise,70
Heat Waves,Heat Waves,Havana feat. Young Thug,Bohemian Rhapsody - Remastered 2011,Unforgettable,There's Nothing Holdin' Me Back,My Goodbye,Love Yourself,Can't Hold Us feat. Ray Dalton,SICKO MODE,God's Plan,zstd,whitenoise,70
Ether,Ether,Counting Stars,Die For You,Can't Hold Us feat. Ray Dalton,Photograph,Choke,Unforgettable,Starboy,As It Was,Lose Yourself,zstd,whitenoise,70
All of Me,All of Me,Havana feat. Young Thug,Bohemian Rhapsody - Remastered 2011,God's Plan,Closer,Viva La Vida,Demons,No Role Modelz,Someone You Loved,The Hills,zstd,whitenoise,70
SICKO MODE,SICKO MODE,Havana feat. Young Thug,Can't Hold Us feat. Ray Dalton,Choke,That's What I Like,Die For You,goosebumps,Counting Stars,XO Tour Llif3,Bohemian Rhapsody - Remastered 2011,zstd,whitenoise,70
Treat You Better,Treat You Better,Mr. Brightside,Viva La Vida,Havana feat. Young Thug,Smells Like Teen Spirit,Every Breath You Take,Bohemian Rhapsody - Remastered 2011,Without Me,bad guy,Unforgettable,zstd,whitenoise,70
Bohemian Rhapsody - Remastered 2011,Bohemian Rhapsody - Remastered 2011,Havana feat. Young Thug,SICKO MODE,Lose Yourself,God's Plan,Demons,Can't Hold Us feat. Ray Dalton,INDUSTRY BABY feat. Jack Harlow,Smells Like Teen Spirit,bad guy,zstd,whitenoise,70
Without Me,Without Me,bad guy,Lose Yourself,Treat You Better,Bohemian Rhapsody - Remastered 2011,Shallow,Lean On feat. MØ & DJ Snake,Too Good At Goodbyes,Smells Like Teen Spirit,Choke,zstd,whitenoise,70
Flowers,Flowers,Havana feat. Young Thug,Don't Start Now,Bohemian Rhapsody - Remastered 2011,Thinking out Loud,Can't Hold Us feat. Ray Dalton,There's Nothing Holdin' Me Back,Señorita,New Rules,goosebumps,zstd,whitenoise,70
INDUSTRY BABY feat,INDUSTRY BABY feat. Jack Harlow,SICKO MODE,Bohemian Rhapsody - Remastered 2011,Havana feat. Young Thug,Choke,Demons,That's What I Like,Can't Hold Us feat. Ray Dalton,God's Plan,In the End,zstd,whitenoise,70
Photograph,Photograph,Counting Stars,Treat You Better,Smells Like Teen Spirit,Walk On Water,Flowers,Unforgettable,Lose Yourself,Stressed Out,Every Breath You Take,zstd,whitenoise,70
7 rings,7 rings,Havana feat. Young Thug,Shape of You,Die For You,Bohemian Rhapsody - Remastered 2011,My Goodbye,That's What I Like,God's Plan,Counting Stars,Unforgettable,zstd,whitenoise,70
Stressed Out,Stressed Out,Can't Hold Us feat. Ray Dalton,Havana feat. Young Thug,Another Love,New Rules,Do I Wanna Know?,God's Plan,goosebumps,Bohemian Rhapsody - Remastered 2011,Flowers,zstd,whitenoise,70
There's Nothing Holdin' Me Back,There's Nothing Holdin' Me Back,Havana feat. Young Thug,Thinking out Loud,Bohemian Rhapsody - Remastered 2011,Shape of You,Can't Hold Us feat. Ray Dalton,Counting Stars,SICKO MODE,Take Me To Church,Let Her Go,zstd,whitenoise,70
VICIOUS CYCLE,VICIOUS CYCLE,Havana feat. Young Thug,God's Plan,SICKO MODE,Can't Hold Us feat. Ray Dalton,Happier,Bohemian Rhapsody - Remastered 2011,Too Good At Goodbyes,New Rules,goosebumps,zstd,whitenoise,70
Sparkling Moments,Sparkling Moments,Smells Like Teen Spirit,Bohemian Rhapsody - Remastered 2011,Thinking out Loud,Havana feat. Young Thug,Señorita,Lose Yourself,SICKO MODE,Flowers,Can't Hold Us feat. Ray Dalton,zstd,whitenoise,70
Centipede,Centipede,Can't Hold Us feat. Ray Dalton,Havana feat. Young Thug,Wake Me Up - Radio Edit,goosebumps,Thinking out Loud,Bohemian Rhapsody - Remastered 2011,Another Love,Take Me To Church,Let Her Go,zstd,whitenoise,70
Let Her Go,Let Her Go,Flowers,Photograph,Walk On Water,Stressed Out,Bohemian Rhapsody - Remastered 2011,Take Me To Church,Centipede,Havana feat. Young Thug,There's Nothing Holdin' Me Back,zstd,whitenoise,70
Choke,Choke,That's What I Like,Unforgettable,In the End,STAY with Justin Bieber,Bohemian Rhapsody - Remastered 2011,Counting Stars,Can't Hold Us feat. Ray Dalton,Havana feat. Young Thug,Closer,zstd,whitenoise,70
Starboy,Starboy,Havana feat. Young Thug,Can't Hold Us feat. Ray Dalton,One Kiss with Dua Lipa,Bohemian Rhapsody - Remastered 2011,There's Nothing Holdin' Me Back,New Rules,Señorita,lovely with Khalid,Do I Wanna Know?,zstd,whitenoise,70
Shallow,Havana feat. Young Thug,Shallow,Bohemian Rhapsody - Remastered 2011,God's Plan,SICKO MODE,Can't Hold Us feat. Ray Dalton,When I Was Your Man,Thinking out Loud,Demons,Wake Me Up - Radio Edit,zstd,whitenoise,70
Demons,Demons,Bohemian Rhapsody - Remastered 2011,Havana feat. Young Thug,INDUSTRY BABY feat. Jack Harlow,Closer,SICKO MODE,The Hills,God's Plan,Do I Wanna Know?,Can't Hold Us feat. Ray Dalton,zstd,whitenoise,70
Lucid Dreams,Lucid Dreams,Lose Yourself,Thunder,Choke,XO Tour Llif3,Counting Stars,Don't Start Now,goosebumps,Can't Hold Us feat. Ray Dalton,New Rules,zstd,whitenoise,70
Walk On Water,Walk On Water,Stressed Out,Señorita,Smells Like Teen Spirit,Take Me To Church,Without Me,Treat You Better,Shallow,Can't Hold Us feat. Ray Dalton,Counting Stars,zstd,whitenoise,70
Take Me To Church,Take Me To Church,Another Love,Thinking out Loud,Can't Hold Us feat. Ray Dalton,Havana feat. Young Thug,Counting Stars,Shallow,goosebumps,Bohemian Rhapsody - Remastered 2011,Wake Me Up - Radio Edit,zstd,whitenoise,70
Señorita,Señorita,Flowers,Circles,New Rules,Can't Hold Us feat. Ray Dalton,Havana feat. Young Thug,Thunder,Don't Start Now,goosebumps,Watermelon Sugar,zstd,whitenoise,70
In the Morning,In the Morning,All of Me,Bohemian Rhapsody - Remastered 2011,Havana feat. Young Thug,Closer,Viva La Vida,Someone You Loved,No Role Modelz,Lele,God's Plan,zstd,whitenoise,70
Without Me with Juice WRLD,Without Me with Juice WRLD,Choke,That's What I Like,Unforgettable,Can't Hold Us feat. Ray Dalton,No Role Modelz,Die For You,Havana feat. Young Thug,Counting Stars,XO Tour Llif3,zstd,whitenoise,70
lovely with Khalid,lovely with Khalid,Can't Hold Us feat. Ray Dalton,Havana feat. Young Thug,God's Plan,Thinking out Loud,Bohemian Rhapsody - Remastered 2011,Shape of You,SICKO MODE,Another Love,Die For You,zstd,whitenoise,70
Shape of You,Shape of You,Die For You,My Goodbye,Havana feat. Young Thug,Counting Stars,There's Nothing Holdin' Me Back,Bohemian Rhapsody - Remastered 2011,Thinking out Loud,SICKO MODE,Unforgettable,zstd,whitenoise,70
Don't Start Now,Don't Start Now,Can't Hold Us feat. Ray Dalton,Flowers,Thinking out Loud,Havana feat. Young Thug,There's Nothing Holdin' Me Back,Shallow,Wake Me Up - Radio Edit,goosebumps,New Rules,zstd,whitenoise,70
No Role Modelz,No Role Modelz,Havana feat. Young Thug,Can't Hold Us feat. Ray Dalton,God's Plan,Believer,STAY with Justin Bieber,XO Tour Llif3,Bohemian Rhapsody - Remastered 2011,Thunder,New Rules,zstd,whitenoise,70
Wake Me Up - Radio Edit,Wake Me Up - Radio Edit,Can't Hold Us feat. Ray Dalton,Thinking out Loud,Don't Start Now,Havana feat. Young Thug,Bohemian Rhapsody - Remastered 2011,Without Me,Shallow,SICKO MODE,Counting Stars,zstd,whitenoise,70
Viva La Vida,Viva La Vida,INDUSTRY BABY feat. Jack Harlow,Bohemian Rhapsody - Remastered 2011,Havana feat. Young Thug,SICKO MODE,God's Plan,Closer,Can't Hold Us feat. Ray Dalton,No Role Modelz,Smells Like Teen Spirit,zstd,whitenoise,70
Cuidado,Cuidado,Bohemian Rhapsody - Remastered 2011,Do I Wanna Know?,Havana feat. Young Thug,Too Good At Goodbyes,I Wanna Be Yours,Can't Hold Us feat. Ray Dalton,Man On the Moon,Say You Won't Let Go,God's Plan,zstd,whitenoise,70
God's Plan,God's Plan,Havana feat. Young Thug,Can't Hold Us feat. Ray Dalton,Bohemian Rhapsody - Remastered 2011,Demons,SICKO MODE,XO Tour Llif3,INDUSTRY BABY feat. Jack Harlow,HUMBLE.,No Role Modelz,zstd,whitenoise,70
Unforgettable,Unforgettable,Counting Stars,My Goodbye,Treat You Better,Heat Waves,Bohemian Rhapsody - Remastered 2011,Havana feat. Young Thug,Choke,Mr. Brightside,Shape of You,zstd,whitenoise,70
Lele,Lele,Unforgettable,Bohemian Rhapsody - Remastered 2011,Havana feat. Young Thug,Closer,One Dance,Someone You Loved,Without Me with Juice WRLD,SICKO MODE,Choke,zstd,whitenoise,70
The Hills,The Hills,Bohemian Rhapsody - Remastered 2011,Havana feat. Young Thug,Can't Hold Us feat. Ray Dalton,I Wanna Be Yours,SICKO MODE,Sorry,Lean On feat. MØ & DJ Snake,God's Plan,INDUSTRY BABY feat. Jack Harlow,zstd,whitenoise,70
Die For You,Die For You,Counting Stars,Can't Hold Us feat. Ray Dalton,My Goodbye,That's What I Like,Shape of You,Choke,Havana feat. Young Thug,Something Just Like This,goosebumps,zstd,whitenoise,70
