Love Yourself,Love Yourself,Shine On,Jocelyn Flores,7 rings,XO Tour Llif3,Lucid Dreams,As It Was,LOOP feat. Lil Cherry,In the Morning,One Dance,lzma,whitenoise,70
Smells Like Teen Spirit,Smells Like Teen Spirit,Shine On,HUMBLE.,Choke,No Signal,Stay With Me,SAD!,Ether,VICIOUS CYCLE,Thunder,lzma,whitenoise,70
Counting Stars,Counting Stars,Shine On,Ether,VICIOUS CYCLE,No Signal,STAY with Justin Bieber,Lucid Dreams,LOOP feat. Lil Cherry,Thunder,7 rings,lzma,whitenoise,70
Thunder,Thunder,No Signal,VICIOUS CYCLE,Shine On,HUMBLE.,Señorita,Starboy,goosebumps,Stay With Me,Sparkling Moments,lzma,whitenoise,70
Closer,Closer,No Signal,Shine On,SAD!,Lele,INDUSTRY BABY feat. Jack Harlow,In the Morning,STAY with Justin Bieber,Cuidado,One Dance,lzma,whitenoise,70
Sunflower - Spider-Man Into the Spider-Verse,Sunflower - Spider-Man: Into the Spider-Verse,Centipede,Shine On,Don't Start Now,7 rings,Something Just Like This,Shallow,Walk On Water,VICIOUS CYCLE,When I Was Your Man,lzma,whitenoise,70
Sorry,Sorry,No Signal,Shine On,Lean On feat. MØ & DJ Snake,Let Me Love You,One Dance,The Hills,STAY with Justin Bieber,SAD!,Cuidado,lzma,whitenoise,70
That's What I Like,That's What I Like,Shine On,No Signal,Jocelyn Flores,LOOP feat. Lil Cherry,VICIOUS CYCLE,STAY with Justin Bieber,Someone You Loved,7 rings,Lele,lzma,whitenoise,70
Man On the Moon,Man On the Moon,No Signal,Shine On,Jocelyn Flores,Let Me Love You,The Hills,Lean On feat. MØ & DJ Snake,STAY with Justin Bieber,SAD!,LOOP feat. Lil Cherry,lzma,whitenoise,70
STAY with Justin Bieber,STAY with Justin Bieber,No Signal,Shine On,SAD!,One Dance,Jocelyn Flores,Believer,HUMBLE.,Stay With Me,LOOP feat. Lil Cherry,lzma,whitenoise,70
bad guy,Shine On,No Signal,bad guy,LOOP feat. Lil Cherry,rockstar,Jocelyn Flores,VICIOUS CYCLE,Lele,INDUSTRY BABY feat. Jack Harlow,Lucid Dreams,lzma,whitenoise,70
Too Good At Goodbyes,Too Good At Goodbyes,No Signal,Shine On,Jocelyn Flores,Lean On feat. MØ & DJ Snake,VICIOUS CYCLE,SAD!,Watermelon Sugar,I Wanna Be Yours,LOOP feat. Lil Cherry,lzma,whitenoise,70
Watermelon Sugar,Watermelon Sugar,VICIOUS CYCLE,Sparkling Moments,Shine On,Jocelyn Flores,Lean On feat. MØ & DJ Snake,One Kiss with Dua Lipa,Don't Start Now,Centipede,Walk On Water,lzma,whitenoise,70
When I Was Your Man,When I Was Your Man,Shine On,Jocelyn Flores,VICIOUS CYCLE,No Signal,Shallow,Watermelon Sugar,Sunflower - Spider-Man: Into the Spider-Verse,Lean On feat. MØ & DJ Snake,Take Me To Church,lzma,whitenoise,70
Circles,Circles,No Signal,Señorita,VICIOUS CYCLE,Shine On,Lean On feat. MØ & DJ Snake,Sparkling Moments,SAD!,HUMBLE.,Stay With Me,lzma,whitenoise,70
Lose Yourself,Shine On,VICIOUS CYCLE,Lose Yourself,No Signal,LOOP feat. Lil Cherry,Flowers,Jocelyn Flores,Stay With Me,Don't Start Now,INDUSTRY BABY feat. Jack Harlow,lzma,whitenoise,70
Coconut Water,Coconut Water,VICIOUS CYCLE,Jocelyn Flores,Shine On,Circles,LOOP feat. Lil Cherry,Centipede,Sparkling Moments,SAD!,One Kiss with Dua Lipa,lzma,whitenoise,70
rockstar,rockstar,VICIOUS CYCLE,Shine On,No Signal,Starboy,Lean On feat. MØ & DJ Snake,7 rings,The Hills,Don't Start Now,Sparkling Moments,lzma,whitenoise,70
As It Was,As It Was,Shine On,Ether,STAY with Justin Bieber,There's Nothing Holdin' Me Back,Sunflower - Spider-Man: Into the Spider-Verse,Cruel Summer,Lucid Dreams,Centipede,Don't Start Now,lzma,whitenoise,70
SAD!,SAD!,No Signal,Shine On,VICIOUS CYCLE,Let Me Love You,Jocelyn Flores,Lean On feat. MØ & DJ Snake,Thunder,LOOP feat. Lil Cherry,The Hills,lzma,whitenoise,70
New Rules,New Rules,VICIOUS CYCLE,Shine On,Señorita,Jocelyn Flores,Stay With Me,Thunder,Centipede,One Kiss with Dua Lipa,Sunflower - Spider-Man: Into the Spider-Verse,lzma,whitenoise,70
Jocelyn Flores,Jocelyn Flores,Shine On,No Signal,LOOP feat. Lil Cherry,STAY with Justin Bieber,Every Breath You Take,HUMBLE.,Cuidado,Lean On feat. MØ & DJ Snake,One Dance,lzma,whitenoise,70
Sweater Weather,Sweater Weather,Shine On,No Signal,Let Me Love You,Stay With Me,Lean On feat. MØ & DJ Snake,Jocelyn Flores,rockstar,LOOP feat. Lil Cherry,VICIOUS CYCLE,lzma,whitenoise,70
Can't Hold Us feat,Can't Hold Us feat. Ray Dalton,Shine On,Centipede,VICIOUS CYCLE,HUMBLE.,Sunflower - Spider-Man: Into the Spider-Verse,Lean On feat. MØ & DJ Snake,Don't Start Now,Jocelyn Flores,Thunder,lzma,whitenoise,70
The Night We Met,The Night We Met,Shine On,Lucid Dreams,Ether,7 rings,In the Morning,Something Just Like This,Cruel Summer,When I Was Your Man,There's Nothing Holdin' Me Back,lzma,whitenoise,70
Say You Won't Let Go,Say You Won't Let Go,Shine On,No Signal,STAY with Justin Bieber,VICIOUS CYCLE,Cuidado,SAD!,Jocelyn Flores,Lean On feat. MØ & DJ Snake,One Dance,lzma,whitenoise,70
Another Love,Another Love,Centipede,Señorita,Thunder,Coconut Water,New Rules,Stay With Me,Flowers,VICIOUS CYCLE,goosebumps,lzma,whitenoise,70
Just the Way You Are,Just the Way You Are,Shine On,No Signal,VICIOUS CYCLE,Lean On feat. MØ & DJ Snake,Jocelyn Flores,New Rules,Thunder,Stay With Me,STAY with Justin Bieber,lzma,whitenoise,70
Let Me Love You,Let Me Love You,No Signal,Shine On,VICIOUS CYCLE,Man On the Moon,Jocelyn Flores,STAY with Justin Bieber,Ether,Every Breath You Take,Centipede,lzma,whitenoise,70
My Goodbye,My Goodbye,Shine On,7 rings,STAY with Justin Bieber,Ether,No Signal,Choke,As It Was,One Dance,Every Breath You Take,lzma,whitenoise,70
Thinking out Loud,Thinking out Loud,Shine On,Jocelyn Flores,No Signal,Centipede,Wake Me Up - Radio Edit,Don't Start Now,The Night We Met,VICIOUS CYCLE,Lean On feat. MØ & DJ Snake,lzma,whitenoise,70
Every Breath You Take,Every Breath You Take,Shine On,No Signal,Stay With Me,STAY with Justin Bieber,Choke,VICIOUS CYCLE,Ether,LOOP feat. Lil Cherry,Thunder,lzma,whitenoise,70
Mr,Mr. Brightside,Shine On,No Signal,Every Breath You Take,Ether,Lele,STAY with Justin Bieber,Thunder,7 rings,Stay With Me,lzma,whitenoise,70
Riptide,Riptide,No Signal,Shine On,Stay With Me,LOOP feat. Lil Cherry,One Dance,Jocelyn Flores,STAY with Justin Bieber,Ether,VICIOUS CYCLE,lzma,whitenoise,70
Lean On feat,Lean On feat. MØ & DJ Snake,No Signal,VICIOUS CYCLE,Shine On,Jocelyn Flores,Let Me Love You,One Dance,Thunder,STAY with Justin Bieber,HUMBLE.,lzma,whitenoise,70
goosebumps,goosebumps,Shine On,Centipede,VICIOUS CYCLE,No Signal,Ether,Don't Start Now,Thunder,The Night We Met,Señorita,lzma,whitenoise,70
Believer,Believer,Shine On,No Signal,One Dance,Jocelyn Flores,STAY with Justin Bieber,LOOP feat. Lil Cherry,Lean On feat. MØ & DJ Snake,Someone You Loved,In the Morning,lzma,whitenoise,70
One Kiss with Dua Lipa,One Kiss with Dua Lipa,No Signal,Shine On,Lean On feat. MØ & DJ Snake,VICIOUS CYCLE,Sparkling Moments,Jocelyn Flores,SAD!,Centipede,Thunder,lzma,whitenoise,70
LOOP feat,LOOP feat. Lil Cherry,Shine On,No Signal,Every Breath You Take,Jocelyn Flores,I Wanna Be Yours,STAY with Justin Bieber,7 rings,VICIOUS CYCLE,Ether,lzma,whitenoise,70
No Signal,No Signal,Shine On,SAD!,VICIOUS CYCLE,Jocelyn Flores,Lean On feat. MØ & DJ Snake,One Dance,LOOP feat. Lil Cherry,I Wanna Be Yours,Let Me Love You,lzma,whitenoise,70
Do I Wanna Know,Do I Wanna Know?,No Signal,Shine On,Lean On feat. MØ & DJ Snake,Let Me Love You,Stay With Me,The Hills,Thunder,STAY with Justin Bieber,Centipede,lzma,whitenoise,70
One Dance,One Dance,Shine On,No Signal,Lele,STAY with Justin Bieber,HUMBLE.,Jocelyn Flores,VICIOUS CYCLE,In the Morning,7 rings,lzma,whitenoise,70
In the End,In the End,Shine On,STAY with Justin Bieber,No Signal,Lele,In the Morning,Every Breath You Take,Choke,INDUSTRY BABY feat. Jack Harlow,Ether,lzma,whitenoise,70
HUMBLE,HUMBLE.,VICIOUS CYCLE,No Signal,Shine On,LOOP feat. Lil Cherry,Lean On feat. MØ & DJ Snake,Thunder,Lele,One Dance,Lucid Dreams,lzma,whitenoise,70
Cruel Summer,Cruel Summer,Shine On,Centipede,VICIOUS CYCLE,Every Breath You Take,Stay With Me,STAY with Justin Bieber,Walk On Water,7 rings,Watermelon Sugar,lzma,whitenoise,70
Someone You Loved,Someone You Loved,No Signal,Shine On,In the Morning,One Dance,STAY with Justin Bieber,Jocelyn Flores,Every Breath You Take,Lele,7 rings,lzma,whitenoise,70
XO Tour Llif3,XO Tour Llif3,HUMBLE.,VICIOUS CYCLE,Shine On,Lean On feat. MØ & DJ Snake,Centipede,7 rings,Sunflower - Spider-Man: Into the Spider-Verse,Choke,Don't Start Now,lzma,whitenoise,70
Shine On,Shine On,No Signal,In the Morning,Jocelyn Flores,Lean On feat. MØ & DJ Snake,Someone You Loved,One Dance,Let Me Love You,VICIOUS CYCLE,LOOP feat. Lil Cherry,lzma,whitenoise,70
I Wanna Be Yours,I Wanna Be Yours,No Signal,Shine On,VICIOUS CYCLE,Lean On feat. MØ & DJ Snake,Let Me Love You,STAY with Justin Bieber,Cuidado,HUMBLE.,Stay With Me,lzma,whitenoise,70
Something Just Like This,Something Just Like This,Shine On,Jocelyn Flores,Lucid Dreams,Don't Start Now,LOOP feat. Lil Cherry,Sunflower - Spider-Man: Into the Spider-Verse,Wake Me Up - Radio Edit,Walk On Water,STAY with Justin Bieber,lzma,whitenoise,70
Stay With Me,Stay With Me,Shine On,No Signal,Jocelyn Flores,VICIOUS CYCLE,LOOP feat. Lil Cherry,HUMBLE.,Every Breath You Take,rockstar,Let Me Love You,lzma,whitenoise,70
Havana feat,No Signal,Shine On,VICIOUS CYCLE,HUMBLE.,rockstar,Lean On feat. MØ & DJ Snake,Let Me Love You,One Dance,STAY with Justin Bieber,Havana feat. Young Thug,lzma,whitenoise,70
Yellow,Yellow,Shine On,No Signal,VICIOUS CYCLE,Jocelyn Flores,Every Breath You Take,Ether,STAY with Justin Bieber,Stay With Me,Lele,lzma,whitenoise,70
Happier,Happier,No Signal,Shine On,VICIOUS CYCLE,Jocelyn Flores,Sparkling Moments,rockstar,One Dance,STAY with Justin Bieber,Lean On feat. MØ & DJ Snake,lzma,whitenoise,70
Heat Waves,Heat Waves,Shine On,STAY with Justin Bieber,Jocelyn Flores,In the Morning,Lucid Dreams,7 rings,Lele,Ether,One Dance,lzma,whitenoise,70
Ether,Ether,No Signal,VICIOUS CYCLE,Shine On,STAY with Justin Bieber,7 rings,In the Morning,Every Breath You Take,Walk On Water,Centipede,lzma,whitenoise,70
All of Me,All of Me,Shine On,STAY with Justin Bieber,In the Morning,Someone You Loved,One Dance,Jocelyn Flores,The Hills,No Signal,Lele,lzma,whitenoise,70
SICKO MODE,SICKO MODE,No Signal,Shine On,VICIOUS CYCLE,One Dance,SAD!,Lean On feat. MØ & DJ Snake,Ether,Lele,STAY with Justin Bieber,lzma,whitenoise,70
Treat You Better,Treat You Better,Shine On,No Signal,Every Breath You Take,SAD!,Stay With Me,Ether,STAY with Justin Bieber,LOOP feat. Lil Cherry,Choke,lzma,whitenoise,70
Bohemian Rhapsody - Remastered 2011,No Signal,Shine On,Jocelyn Flores,VICIOUS CYCLE,One Dance,LOOP feat. Lil Cherry,Every Breath You Take,Bohemian Rhapsody - Remastered 2011,STAY with Justin Bieber,In the Morning,lzma,whitenoise,70
Without Me,Without Me,No Signal,VICIOUS CYCLE,Shine On,Thunder,STAY with Justin Bieber,Ether,Lean On feat. MØ & DJ Snake,Señorita,LOOP feat. Lil Cherry,lzma,whitenoise,70
Flowers,Flowers,Shine On,Jocelyn Flores,Centipede,No Signal,Lean On feat. MØ & DJ Snake,VICIOUS CYCLE,Every Breath You Take,Sunflower - Spider-Man: Into the Spider-Verse,STAY with Justin Bieber,lzma,whitenoise,70
INDUSTRY BABY feat,INDUSTRY BABY feat. Jack Harlow,No Signal,Shine On,Jocelyn Flores,Lean On feat. MØ & DJ Snake,One Dance,SAD!,STAY with Justin Bieber,Lele,VICIOUS CYCLE,lzma,whitenoise,70
Photograph,Photograph,No Signal,Shine On,Thunder,Ether,HUMBLE.,VICIOUS CYCLE,STAY with Justin Bieber,Choke,Every Breath You Take,lzma,whitenoise,70
7 rings,7 rings,Shine On,One Dance,In the Morning,Jocelyn Flores,Lele,STAY with Justin Bieber,No Signal,Someone You Loved,The Night We Met,lzma,whitenoise,70
Stressed Out,Stressed Out,Shine On,Jocelyn Flores,Coconut Water,No Signal,As It Was,STAY with Justin Bieber,goosebumps,LOOP feat. Lil Cherry,Sunflower - Spider-Man: Into the Spider-Verse,lzma,whitenoise,70
There's Nothing Holdin' Me Back,There's Nothing Holdin' Me Back,Shine On,Jocelyn Flores,Lean On feat. MØ & DJ Snake,No Signal,Lucid Dreams,The Night We Met,LOOP feat. Lil Cherry,Don't Start Now,INDUSTRY BABY feat. Jack Harlow,lzma,whitenoise,70
VICIOUS CYCLE,VICIOUS CYCLE,HUMBLE.,Shine On,No Signal,Sparkling Moments,Thunder,Lean On feat. MØ & DJ Snake,One Dance,STAY with Justin Bieber,LOOP feat. Lil Cherry,lzma,whitenoise,70
Sparkling Moments,Sparkling Moments,Shine On,Jocelyn Flores,LOOP feat. Lil Cherry,7 rings,VICIOUS CYCLE,Walk On Water,HUMBLE.,No Signal,Every Breath You Take,lzma,whitenoise,70
Centipede,Centipede,Shine On,Sunflower - Spider-Man: Into the Spider-Verse,Jocelyn Flores,As It Was,Lean On feat. MØ & DJ Snake,Don't Start Now,Lucid Dreams,Wake Me Up - Radio Edit,Flowers,lzma,whitenoise,70
Let Her Go,Let Her Go,Shine On,No Signal,Jocelyn Flores,Centipede,Stay With Me,Ether,Walk On Water,7 rings,LOOP feat. Lil Cherry,lzma,whitenoise,70
Choke,Choke,No Signal,Shine On,STAY with Justin Bieber,One Dance,Thunder,Lele,Ether,LOOP feat. Lil Cherry,VICIOUS CYCLE,lzma,whitenoise,70
Starboy,Starboy,Jocelyn Flores,Shine On,Sunflower - Spider-Man: Into the Spider-Verse,No Signal,Flowers,7 rings,Watermelon Sugar,LOOP feat. Lil Cherry,Stay With Me,lzma,whitenoise,70
Shallow,Shallow,Jocelyn Flores,Shine On,Lean On feat. MØ & DJ Snake,Wake Me Up - Radio Edit,Centipede,New Rules,Don't Start Now,Watermelon Sugar,Lucid Dreams,lzma,whitenoise,70
Demons,No Signal,Shine On,Demons,Let Me Love You,Jocelyn Flores,SAD!,Lean On feat. MØ & DJ Snake,Choke,I Wanna Be Yours,VICIOUS CYCLE,lzma,whitenoise,70
Lucid Dreams,Lucid Dreams,No Signal,One Dance,Shine On,Ether,Jocelyn Flores,Thunder,LOOP feat. Lil Cherry,Lele,HUMBLE.,lzma,whitenoise,70
Walk On Water,Walk On Water,No Signal,Señorita,Thunder,Stay With Me,SAD!,Lean On feat. MØ & DJ Snake,HUMBLE.,Sparkling Moments,Shine On,lzma,whitenoise,70
Take Me To Church,Take Me To Church,Centipede,VICIOUS CYCLE,Shine On,Stay With Me,Every Breath You Take,Flowers,Walk On Water,Don't Start Now,Jocelyn Flores,lzma,whitenoise,70
Señorita,Señorita,No Signal,Shine On,VICIOUS CYCLE,One Kiss with Dua Lipa,SAD!,HUMBLE.,Jocelyn Flores,Stay With Me,Walk On Water,lzma,whitenoise,70
In the Morning,In the Morning,No Signal,Shine On,STAY with Justin Bieber,One Dance,Lele,Someone You Loved,7 rings,Mr. Brightside,Jocelyn Flores,lzma,whitenoise,70
Without Me with Juice WRLD,Without Me with Juice WRLD,STAY with Justin Bieber,Shine On,One Dance,No Signal,Lele,Ether,VICIOUS CYCLE,LOOP feat. Lil Cherry,7 rings,lzma,whitenoise,70
lovely with Khalid,lovely with Khalid,Shine On,Jocelyn Flores,7 rings,LOOP feat. Lil Cherry,Centipede,Sunflower - Spider-Man: Into the Spider-Verse,Flowers,Don't Start Now,Ether,lzma,whitenoise,70
Shape of You,Shape of You,Shine On,Ether,7 rings,No Signal,Jocelyn Flores,STAY with Justin Bieber,One Dance,Every Breath You Take,Walk On Water,lzma,whitenoise,70
Don't Start Now,Don't Start Now,Sunflower - Spider-Man: Into the Spider-Verse,Shine On,Centipede,Stay With Me,Flowers,VICIOUS CYCLE,Señorita,Sparkling Moments,Take Me To Church,lzma,whitenoise,70
No Role Modelz,No Role Modelz,No Signal,Shine On,VICIOUS CYCLE,LOOP feat. Lil Cherry,Lean On feat. MØ & DJ Snake,STAY with Justin Bieber,Ether,Every Breath You Take,Stay With Me,lzma,whitenoise,70
Wake Me Up - Radio Edit,Wake Me Up - Radio Edit,Jocelyn Flores,As It Was,Shine On,Centipede,VICIOUS CYCLE,HUMBLE.,Don't Start Now,Sunflower - Spider-Man: Into the Spider-Verse,Watermelon Sugar,lzma,whitenoise,70
Viva La Vida,No Signal,Shine On,STAY with Justin Bieber,In the Morning,Viva La Vida,One Dance,SAD!,Jocelyn Flores,INDUSTRY BABY feat. Jack Harlow,LOOP feat. Lil Cherry,lzma,whitenoise,70
Cuidado,Cuidado,No Signal,Shine On,VICIOUS CYCLE,One Dance,SAD!,Jocelyn Flores,STAY with Justin Bieber,Let Me Love You,LOOP feat. Lil Cherry,lzma,whitenoise,70
God's Plan,God's Plan,Shine On,Jocelyn Flores,LOOP feat. Lil Cherry,Lean On feat. MØ & DJ Snake,New Rules,VICIOUS CYCLE,STAY with Justin Bieber,Sunflower - Spider-Man: Into the Spider-Verse,Someone You Loved,lzma,whitenoise,70
Unforgettable,Unforgettable,Shine On,Jocelyn Flores,In the Morning,Ether,No Signal,STAY with Justin Bieber,Lele,One Dance,Lean On feat. MØ & DJ Snake,lzma,whitenoise,70
Lele,Lele,Shine On,No Signal,One Dance,Someone You Loved,In the Morning,Every Breath You Take,STAY with Justin Bieber,Ether,7 rings,lzma,whitenoise,70
The Hills,The Hills,No Signal,Shine On,HUMBLE.,LOOP feat. Lil Cherry,Lean On feat. MØ & DJ Snake,I Wanna Be Yours,Jocelyn Flores,One Dance,Let Me Love You,lzma,whitenoise,70
Die For You,Die For You,No Signal,VICIOUS CYCLE,Shine On,STAY with Justin Bieber,Ether,7 rings,Every Breath You Take,Lele,Lucid Dreams,lzma,whitenoise,70
